name,city,state_code,category,type,phone,exclude_reason
Reece Plumbing,Chula Vista,CA,Plumbing supply store,Plumbing supply store,+1 619-426-4493,No es servicio de plomería (categoría: Plumbing supply store)
Standard Plumbing Supply,Chula Vista,CA,Plumbing supply store,Plumbing supply store,+1 619-754-8803,No es servicio de plomería (categoría: Plumbing supply store)
"Repair Pros Contractor Services, Inc.",Chula Vista,CA,Handyman/Handywoman/Handyperson,Handyman/Handywoman/Handyperson,+1 888-901-7767,No es servicio de plomería (categoría: Handyman/Handywoman/Handyperson)
PROPER HVAC INC,Chula Vista,CA,HVAC contractor,HVAC contractor,+1 619-775-2742,No es servicio de plomería (categoría: HVAC contractor)
Strictly Plumbers,Chula Vista,CA,Marketing agency,Marketing agency,+1 858-412-0813,No es servicio de plomería (categoría: Marketing agency)
Septic Services in Chula Vista,Chula Vista,CA,Contractor,Contractor,+1 619-586-5757,No es servicio de plomería (categoría: Contractor)
Honey Do Done,Chula Vista,CA,Handyman/Handywoman/Handyperson,Handyman/Handywoman/Handyperson,+1 619-900-8411,No es servicio de plomería (categoría: Handyman/Handywoman/Handyperson)
Manlis Construction,Chula Vista,CA,Contractor,Contractor,+1 619-788-0800,No es servicio de plomería (categoría: Contractor)
Hirsch Pipe & Supply,Chula Vista,CA,Plumbing supply store,Plumbing supply store,+1 619-598-1874,No es servicio de plomería (categoría: Plumbing supply store)
"Valley Industrial Specialties, Inc.",Chula Vista,CA,Plumbing supply store,Plumbing supply store,+1 619-420-4300,No es servicio de plomería (categoría: Plumbing supply store)
Chula Vista Sprinkler Repair,Chula Vista,CA,Lawn sprinkler system contractor,Lawn sprinkler system contractor,+1 619-956-9521,No es servicio de plomería (categoría: Lawn sprinkler system contractor)
San Diego Pump,Chula Vista,CA,Plumbing supply store,Plumbing supply store,+1 619-474-0843,No es servicio de plomería (categoría: Plumbing supply store)
Chuys Appliance Repair,Chula Vista,CA,Appliance repair service,Appliance repair service,+1 619-773-0925,No es servicio de plomería (categoría: Appliance repair service)
Standard Plumbing Supply,Chula Vista,CA,Hardware store,Plumbing supply store,+1 619-754-8803,No es servicio de plomería (categoría: Hardware store)
Xpress Restoration Inc. : Fire & Water Damage Restoration,Chula Vista,CA,Water damage restoration service,Water damage restoration service,+1 619-633-2841,No es servicio de plomería (categoría: Water damage restoration service)
Gloria Construction Inc,Chula Vista,CA,Construction company,Construction company,+1 619-777-0188,No es servicio de plomería (categoría: Construction company)
Grainger Industrial Supply,Chula Vista,CA,Tool store,Tool store,+1 800-472-4643,No es servicio de plomería (categoría: Tool store)
Sears Heating and Air Conditioning,Chula Vista,CA,Air conditioning contractor,Air conditioning contractor,,No es servicio de plomería (categoría: Air conditioning contractor)
Grelaz Complete Auto Repair,Chula Vista,CA,Auto repair shop,Auto repair shop,+1 619-827-7477,No es servicio de plomería (categoría: Auto repair shop)
The Plumbers Crack,Mesa,AZ,Plumbing supply store,Plumbing supply store,+1 480-597-5530,No es servicio de plomería (categoría: Plumbing supply store)
Mountain Fresh Water Systems,Mesa,AZ,Water softening equipment supplier,Water softening equipment supplier,+1 480-899-8889,No es servicio de plomería (categoría: Water softening equipment supplier)
Reece Plumbing,Mesa,AZ,Plumbing supply store,Plumbing supply store,+1 480-265-3636,No es servicio de plomería (categoría: Plumbing supply store)
Air & Water Mechanical Services,Mesa,AZ,Air conditioning repair service,Air conditioning repair service,+1 480-706-3333,No es servicio de plomería (categoría: Air conditioning repair service)
Van Marcke Plumbing Supply,Mesa,AZ,Plumbing supply store,Plumbing supply store,+1 480-833-1226,No es servicio de plomería (categoría: Plumbing supply store)
Boyett's family Rayne Water Conditioning,Mesa,AZ,Water softening equipment supplier,Water softening equipment supplier,+1 480-969-7251,No es servicio de plomería (categoría: Water softening equipment supplier)
Pinpoint Pool Leak Detection In Phoenix,Mesa,AZ,Swimming pool repair service,Swimming pool repair service,+1 602-777-0771,No es servicio de plomería (categoría: Swimming pool repair service)
Ameriflow Water Systems Inc.,Mesa,AZ,Water softening equipment supplier,Water softening equipment supplier,+1 602-275-4188,No es servicio de plomería (categoría: Water softening equipment supplier)
Fenn Pipe & Supply Inc,Mesa,AZ,Plumbing supply store,Plumbing supply store,+1 480-969-9129,No es servicio de plomería (categoría: Plumbing supply store)
"Manny's Air, LLC.",Mesa,AZ,Air conditioning contractor,Air conditioning contractor,+1 602-434-2002,No es servicio de plomería (categoría: Air conditioning contractor)
North Valley Mechanical HVAC,Mesa,AZ,HVAC contractor,HVAC contractor,+1 623-624-7820,No es servicio de plomería (categoría: HVAC contractor)
B & R Industries Inc,Mesa,AZ,Manufacturer,Manufacturer,+1 480-898-0008,No es servicio de plomería (categoría: Manufacturer)
"Trilogy Pools Service & Repair, LLC",Mesa,AZ,attractions,Pool cleaning service,+1 480-430-8129,No es servicio de plomería (categoría: attractions)
Blue Clover Pool Service,Mesa,AZ,Swimming pool repair service,Swimming pool repair service,+1 480-319-2286,No es servicio de plomería (categoría: Swimming pool repair service)
Kohler Hughes Fulfillment Center,Mesa,AZ,Plumbing supply store,Plumbing supply store,+1 480-489-2974,No es servicio de plomería (categoría: Plumbing supply store)
DC Restoration,Mesa,AZ,Fire damage restoration service,Fire damage restoration service,+1 480-892-3855,No es servicio de plomería (categoría: Fire damage restoration service)
East Valley Disaster Service,Mesa,AZ,Building restoration service,Building restoration service,+1 480-833-4538,No es servicio de plomería (categoría: Building restoration service)
Contractors of Phoenix Roofing & Remodeling,Mesa,AZ,Contractor,Contractor,+1 480-524-4807,No es servicio de plomería (categoría: Contractor)
M&M ELECTRONICS. Major Appliance Repair,Mesa,AZ,Appliance repair service,Appliance repair service,+1 602-810-7149,No es servicio de plomería (categoría: Appliance repair service)
"Diamond Kitchen & Bath, Inc.",Mesa,AZ,Home improvement store,Home improvement store,+1 480-464-5565,No es servicio de plomería (categoría: Home improvement store)
Affinity Solutions Experts,Mesa,AZ,General contractor,General contractor,+1 602-466-2394,No es servicio de plomería (categoría: General contractor)
Saturday Savers Handyman Services,Mesa,AZ,Handyman/Handywoman/Handyperson,Handyman/Handywoman/Handyperson,+1 480-725-8099,No es servicio de plomería (categoría: Handyman/Handywoman/Handyperson)
Preferred Plumbing Supply,Miami,FL,Plumbing supply store,Plumbing supply store,+1 786-955-8003,No es servicio de plomería (categoría: Plumbing supply store)
New York Replacement Parts,New York,NY,Plumbing supply store,Plumbing supply store,+1 212-534-0818,No es servicio de plomería (categoría: Plumbing supply store)
JMK Contractor,Miami Beach,FL,General contractor,General contractor,+1 305-890-4953,No es servicio de plomería (categoría: General contractor)
Revive,Miami,FL,Water damage restoration service,Water damage restoration service,+1 786-723-7750,No es servicio de plomería (categoría: Water damage restoration service)
Stern Brothers Plumbing Supply,Miami,FL,Plumbing supply store,Plumbing supply store,+1 305-552-0921,No es servicio de plomería (categoría: Plumbing supply store)
UnclogMe,Miami Beach,FL,Drainage service,Drainage service,+1 305-339-5638,No es servicio de plomería (categoría: Drainage service)
Century Wholesale,Miami,FL,Plumbing supply store,Plumbing supply store,+1 305-261-4731,No es servicio de plomería (categoría: Plumbing supply store)
Plumbing Contractors Association Apprenticeship Program,Miami,FL,Trade school,Trade school,+1 305-662-9671,No es servicio de plomería (categoría: Trade school)
Guillen's Plumbing Supply,Miami,FL,Plumbing supply store,Plumbing supply store,+1 305-226-7855,No es servicio de plomería (categoría: Plumbing supply store)
Lion Plumbing Supply Inc,Miami,FL,Plumbing supply store,Plumbing supply store,+1 954-764-4882,No es servicio de plomería (categoría: Plumbing supply store)
American Plumbing & Electrical Supply,Miami Beach,FL,Plumbing supply store,Plumbing supply store,+1 305-532-3447,No es servicio de plomería (categoría: Plumbing supply store)
Handyman - Handyvip.Com,Miami,FL,Handyman/Handywoman/Handyperson,Handyman/Handywoman/Handyperson,+1 786-956-3413,No es servicio de plomería (categoría: Handyman/Handywoman/Handyperson)
Decorator's Plumbing,Miami,FL,Plumbing supply store,Plumbing supply store,+1 305-576-0022,No es servicio de plomería (categoría: Plumbing supply store)
Miami Winsupply Plumbing Company,Miami Lakes,FL,Plumbing supply store,Plumbing supply store,+1 305-749-6207,No es servicio de plomería (categoría: Plumbing supply store)
SWCORP,Miami,FL,Home improvement store,Home improvement store,+1 866-588-8008,No es servicio de plomería (categoría: Home improvement store)
Tuma Plumbing Supply,Miami,FL,Plumbing supply store,Plumbing supply store,+1 305-261-6666,No es servicio de plomería (categoría: Plumbing supply store)
Plumbers 519 Joint Apprentice & Educational Committee,Miami Lakes,FL,Training center,Training center,+1 305-822-9411,No es servicio de plomería (categoría: Training center)
Bond Plumbing Supply - Miami,Miami,FL,Plumbing supply store,Plumbing supply store,+1 305-634-0656,No es servicio de plomería (categoría: Plumbing supply store)
Florida Plumbing,Doral,FL,Bathroom supply store,Bathroom supply store,+1 305-591-9300,No es servicio de plomería (categoría: Bathroom supply store)
Miami Riches,Miami,FL,Property management company,Property management company,+1 305-600-3198,No es servicio de plomería (categoría: Property management company)
Colmar Construction Corp,Coral Gables,FL,General contractor,General contractor,+1 786-686-8639,No es servicio de plomería (categoría: General contractor)
Constructstar,Miami,FL,Remodeler,Remodeler,+1 305-930-4810,No es servicio de plomería (categoría: Remodeler)
Express Mold Removal Miami,Miami,FL,Water damage restoration service,Water damage restoration service,+1 305-564-4199,No es servicio de plomería (categoría: Water damage restoration service)
Cadisa Inc. Miami Property Management Condo HOA,Miami,FL,Property management company,Property management company,+1 305-860-2935,No es servicio de plomería (categoría: Property management company)
Ace Plumbing Supply,Dorchester,MA,Plumbing supply store,Plumbing supply store,+1 617-436-0213,No es servicio de plomería (categoría: Plumbing supply store)
Boston Drain Co & Diagnostics Inc.,Dorchester,MA,Drainage service,Drainage service,+1 617-265-8888,No es servicio de plomería (categoría: Drainage service)
Plumbers & Gasfitters UA Local 12,Dorchester,MA,Labor union,Labor union,+1 617-288-6200,No es servicio de plomería (categoría: Labor union)
KOHLER Store by Supply New England,Boston,MA,Bathroom supply store,Bathroom supply store,+1 617-202-0068,No es servicio de plomería (categoría: Bathroom supply store)
Presidential HVAC,Boston,MA,HVAC contractor,HVAC contractor,+1 857-895-1220,No es servicio de plomería (categoría: HVAC contractor)
Economy Plumbing & Heating Supply Co,Mattapan,MA,Plumbing supply store,Plumbing supply store,+1 617-433-1200,No es servicio de plomería (categoría: Plumbing supply store)
Ellsworth Supply Co Inc,Dorchester,MA,Plumbing supply store,Plumbing supply store,,No es servicio de plomería (categoría: Plumbing supply store)
Metropolitan Pipe & Supply Co.,Somerville,MA,Plumbing supply store,Plumbing supply store,+1 617-492-6400,No es servicio de plomería (categoría: Plumbing supply store)
"J.M. Mechanical Services, Inc",East Boston,MA,Heating contractor,Heating contractor,+1 617-561-4733,No es servicio de plomería (categoría: Heating contractor)
A Hohmann & Co Inc,Dorchester,MA,Heating contractor,Heating contractor,+1 617-282-4300,No es servicio de plomería (categoría: Heating contractor)
F.W. Webb Company - Boston,Boston,MA,Wholesaler,Wholesaler,+1 617-227-2240,No es servicio de plomería (categoría: Wholesaler)
Doran Mechanical,Brookline,MA,Mechanical contractor,Mechanical contractor,+1 617-277-9741,No es servicio de plomería (categoría: Mechanical contractor)
Ferguson Plumbing Supply,Brighton,MA,Plumbing supply store,Plumbing supply store,+1 617-562-5146,No es servicio de plomería (categoría: Plumbing supply store)
Republic Plumbing Supply Co,Brookline,MA,Plumbing supply store,Plumbing supply store,+1 617-566-2010,No es servicio de plomería (categoría: Plumbing supply store)
Plumbers' Supply Co Dorchester MA,Dorchester,MA,Plumbing supply store,Plumbing supply store,+1 617-506-8453,No es servicio de plomería (categoría: Plumbing supply store)
"Allston Contractors, Inc.",Allston,MA,General contractor,General contractor,+1 617-202-5092,No es servicio de plomería (categoría: General contractor)
Irving Water Heater Repair,Irving,TX,Heating contractor,Heating contractor,+1 972-646-0907,No es servicio de plomería (categoría: Heating contractor)
SOS WaterHeating Irving,Irving,TX,Contractor,Contractor,+1 945-292-2258,No es servicio de plomería (categoría: Contractor)
Ferguson Plumbing Supply,Irving,TX,Plumbing supply store,Plumbing supply store,+1 972-252-7490,No es servicio de plomería (categoría: Plumbing supply store)
.plumberirvingtexas.,Irving,TX,Home help,Home help,+1 469-909-0161,No es servicio de plomería (categoría: Home help)
Apex Supply Company,Irving,TX,Plumbing supply store,Plumbing supply store,+1 972-790-1550,No es servicio de plomería (categoría: Plumbing supply store)
HFC Services LLC,Irving,TX,Utility contractor,Utility contractor,+1 214-535-2876,No es servicio de plomería (categoría: Utility contractor)
Van Marcke Plumbing Supply,Farmers Branch,TX,Plumbing supply store,Plumbing supply store,+1 469-291-5040,No es servicio de plomería (categoría: Plumbing supply store)