name,city,state,state_code,postal_code,category,type,subtypes,business_status,phone,website,address,has_address,has_phone,has_website,open_24_hours,emergency_evidence,classification,reason,duplicate_of,source_record_id
1UP PLUMBING,Apache Junction,Arizona,AZ,85120,Plumber,Plumber,"Plumber, Drainage service, Water filter supplier, Water softening equipment supplier, Water treatment supplier",OPERATIONAL,+16025581363,https://www.1upplumbingaz.com,"315 S Stardust Ln, Apache Junction, AZ 85120",true,true,true,false,false,manual_review,operational plumbing candidate without explicit emergency or 24/7 evidence,,ChIJK4V4oQuesywRDTOYLyLrYl0
Rescue Plumbing Services,Apache Junction,Arizona,AZ,85119,Plumber,Plumber,"Plumber, Contractor, Drainage service, Repair service",OPERATIONAL,+14802865372,https://www.rescueplumbingservicesaz.com,"4995 E Roosevelt St, Apache Junction, AZ 85119",true,true,true,false,false,manual_review,operational plumbing candidate without explicit emergency or 24/7 evidence,,ChIJc0Ul7ek1tE4R69YhPWdWRQc
"EZ Flow Plumbing, LLC",Chandler,Arizona,AZ,85225,Plumber,Plumber,Plumber,OPERATIONAL,+16026134525,https://www.ezflowplumbingaz.com,"3400 N Arizona Ave #112-113, Chandler, AZ 85225",true,true,true,false,false,manual_review,operational plumbing candidate without explicit emergency or 24/7 evidence,,ChIJe9KtWfmsK4cRqrObzUx7nIU
Plumbers Near Me - Water Heater & Plumbing Services,Chandler,Arizona,AZ,85225,Plumber,Plumber,"Plumber, Drainage service, Gas installation service, Pipe supplier, Septic system service, Water softening equipment supplier",OPERATIONAL,+14806745931,https://plumbersnearme.services/service-areas/chandler-plumbing-services,"201 S Washington St Spc A, Chandler, AZ 85225",true,true,true,false,false,manual_review,operational plumbing candidate without explicit emergency or 24/7 evidence,,ChIJRTIEt5-rK4cRB5JyYybUU0A
Anytime Home Services,Gilbert,Arizona,AZ,85233,Plumber,Plumber,Plumber,OPERATIONAL,+14807378273,http://www.anytimehomeservice.com,"75 W Baseline Rd Ste 19-20, Gilbert, AZ 85233",true,true,true,false,false,manual_review,operational plumbing candidate without explicit emergency or 24/7 evidence,,ChIJFcVpJj1LKocRlpZ9KDlu118
Second Opinion Plumbing,Gilbert,Arizona,AZ,85234,Plumber,Plumber,"Plumber, Bathroom remodeler, Gas installation service, Hot water system supplier, Kitchen remodeler, Water purification company, Water softening equipment supplier",OPERATIONAL,+14804481126,https://secondopinionplumbingaz.com/%3Futm_source%3DGMB%26utm_medium%3Dlocal,"410 E Scott Ave, Gilbert, AZ 85234",true,true,true,false,false,manual_review,operational plumbing candidate without explicit emergency or 24/7 evidence,,ChIJpQMgiTSsK4cR32ClQHGSaaw
Affordable Plumber AZ LLC,Mesa,Arizona,AZ,85210,Plumber,Plumber,Plumber,OPERATIONAL,+14807026165,,"127 W Juanita Ave, Mesa, AZ 85210",true,true,false,false,false,manual_review,operational plumbing candidate without explicit emergency or 24/7 evidence,,ChIJAWPAAa-nK4cRAoh-FA-wuIQ
All Star Plumbing,Mesa,Arizona,AZ,85212,Plumber,Plumber,Plumber,OPERATIONAL,+14809817827,http://all-star-plumbing.com,"11447 E Renfield Ave, Mesa, AZ 85212",true,true,true,false,false,manual_review,operational plumbing candidate without explicit emergency or 24/7 evidence,,ChIJFUDHZ3ivK4cR0ae6WwOGIz8
Arizona's Dukes of Air & Plumbing,Mesa,Arizona,AZ,85212,HVAC contractor,HVAC contractor,"HVAC contractor, Electrician, Plumber",OPERATIONAL,+14807736565,https://www.serviceexperts.com/gilbert-az/%3Futm_source%3Dgbp%26utm_medium%3Dorganic%26utm_campaign%3Dbrand,"6938 E Parkway Norte, Mesa, AZ 85212",true,true,true,false,false,manual_review,operational plumbing candidate without explicit emergency or 24/7 evidence,,ChIJ9296hxatK4cRSxQ6GEShObw
Arnett Plumbing,Mesa,Arizona,AZ,85203,Plumber,Plumber,Plumber,OPERATIONAL,+14804619940,http://www.arnettplumbing.com,"2116 N Gilbert Rd, Mesa, AZ 85203",true,true,true,false,false,manual_review,operational plumbing candidate without explicit emergency or 24/7 evidence,,ChIJIR0XfvWmK4cRiQ-D3nTri64
Around the Clock Plumbing,Mesa,Arizona,AZ,85213,Plumber,Plumber,"Plumber, Air conditioning contractor, Air conditioning repair service, Air conditioning system supplier, Air duct cleaning service, Chimney sweep, Dryer vent cleaning service, Electrical installation service, Electrician, HVAC contractor",OPERATIONAL,+14809629326,,"2134 E Evergreen St, Mesa, AZ 85213",true,true,false,false,false,manual_review,operational plumbing candidate without explicit emergency or 24/7 evidence,,ChIJha8BXRWmK4cR79xCgxOUh9c
Cactus Plumbing And Air,Mesa,Arizona,AZ,85207,Plumber,Plumber,"Plumber, Air conditioning contractor",OPERATIONAL,+16232800805,https://cactusplumbingandair.com/mesa-plumber-and-ac-repair/%3Futm_source%3Dgmb%26utm_medium%3Dwest_mesa,"9333 E Apache Trail Ste #128, Mesa, AZ 85207",true,true,true,false,false,manual_review,operational plumbing candidate without explicit emergency or 24/7 evidence,,ChIJsxK8HdOxK4cR49AsBCUaYNk
Delta Plumbing Repipe and Drains,Mesa,Arizona,AZ,85206,Plumber,Plumber,"Plumber, Contractor, Drainage service",OPERATIONAL,+16234395060,https://www.deltaplumbingdrains.com,"6056 E Baseline Rd #155, Mesa, AZ 85206",true,true,true,false,false,manual_review,operational plumbing candidate without explicit emergency or 24/7 evidence,,ChIJT4W4lU2uK4cRfzTveNUXwSo
Desert Rain Plumbing,Mesa,Arizona,AZ,85210,Plumber,Plumber,Plumber,OPERATIONAL,+14806757861,https://www.desertrainplumbing.com,"540 W Iron Ave Ste 105, Mesa, AZ 85210",true,true,true,false,false,manual_review,operational plumbing candidate without explicit emergency or 24/7 evidence,,ChIJVXvoZi14AUARR7simMTMNZM
Dirt Dog Plumbing,Mesa,Arizona,AZ,85204,Plumber,Plumber,Plumber,OPERATIONAL,+14805583190,http://dirtdogplumbingaz.com,"456 E Juanita Ave # 1, Mesa, AZ 85204",true,true,true,false,false,manual_review,operational plumbing candidate without explicit emergency or 24/7 evidence,,ChIJQ0lG1UKoK4cR47anZZj9eg8
Done Right Plumbing Mesa,Mesa,Arizona,AZ,85201,Plumber,Plumber,Plumber,OPERATIONAL,+14806859953,,"1055 N Mesa Dr, Mesa, AZ 85201",true,true,false,false,false,manual_review,operational plumbing candidate without explicit emergency or 24/7 evidence,,ChIJHWtJdOF4DUoRjBLAto-lRro
Elevate Plumbers,Mesa,Arizona,AZ,85204,Plumber,Plumber,Plumber,OPERATIONAL,+14806418888,https://elevateplumbers.com,"916 E Baseline Rd Suite #206, Mesa, AZ 85204",true,true,true,false,false,manual_review,operational plumbing candidate without explicit emergency or 24/7 evidence,,ChIJwfoxCH6pK4cRVw5ddW_weOU
Ikmar Plumbing LLC,Mesa,Arizona,AZ,85210,Plumber,Plumber,Plumber,OPERATIONAL,+14806746067,,"535 W Iron Ave #109, Mesa, AZ 85210",true,true,false,false,false,manual_review,operational plumbing candidate without explicit emergency or 24/7 evidence,,ChIJu6yHCxepK4cRwglq7F68fKI
J&L Plumbing and Air,Mesa,Arizona,AZ,85210,HVAC contractor,HVAC contractor,"HVAC contractor, Air conditioning repair service, Plumber",OPERATIONAL,+14807207809,http://www.jlplumbingaz.com,"535 W Iron Ave, Mesa, AZ 85210",true,true,true,false,false,manual_review,operational plumbing candidate without explicit emergency or 24/7 evidence,,ChIJ807OwxtbJ0YRzsAj4Kt0q4Q
Jet’n Drains Plumbing & Rooter,Mesa,Arizona,AZ,85205,Plumber,Plumber,Plumber,OPERATIONAL,+14804050738,https://jetndrainsmesa.com/%3Futm_campaign%3Dgmb,"5051 E Indigo St #101, Mesa, AZ 85205",true,true,true,false,false,manual_review,operational plumbing candidate without explicit emergency or 24/7 evidence,,ChIJwZeHuWelK4cR-0ZfqK5OKgA
Jimmy Joe's Plumbing,Mesa,Arizona,AZ,85207,Plumber,Plumber,Plumber,OPERATIONAL,+14807571273,https://www.jimmyjoesplumbing.com,"8156 E Ensenada St, Mesa, AZ 85207",true,true,true,false,false,manual_review,operational plumbing candidate without explicit emergency or 24/7 evidence,,ChIJFwoNioEHK4cRfjwmh1kJDvs
Manchester Plumbing Company,Mesa,Arizona,AZ,85210,Plumber,Plumber,Plumber,OPERATIONAL,+14805906050,,"1107 S Center St, Mesa, AZ 85210",true,true,false,false,false,manual_review,operational plumbing candidate without explicit emergency or 24/7 evidence,,ChIJxxID8T2mK4cRO1ZIgsBatG8
MIke duncan plumbing LLC,Mesa,Arizona,AZ,85201,Plumber,Plumber,Plumber,OPERATIONAL,+14808279305,,"822 W 10th St, Mesa, AZ 85201",true,true,false,false,false,manual_review,operational plumbing candidate without explicit emergency or 24/7 evidence,,ChIJa1P_loWnK4cRWUHk5_QN4Kc
Mountain Vista Plumbing llc,Mesa,Arizona,AZ,85206,Plumber,Plumber,Plumber,OPERATIONAL,+14808479769,https://www.mountainvistaplumbing.com,"3707 E Southern Ave #1081, Mesa, AZ 85206",true,true,true,false,false,manual_review,operational plumbing candidate without explicit emergency or 24/7 evidence,,ChIJEXyjGxkImQwRNx_z_nyXj8o
Newtech Plumbing LLC,Mesa,Arizona,AZ,85210,Plumber,Plumber,Plumber,OPERATIONAL,+14803263307,https://www.newtechplumbingsolutions.com,"320 E 10th Dr, Mesa, AZ 85210",true,true,true,false,false,manual_review,operational plumbing candidate without explicit emergency or 24/7 evidence,,ChIJy8lZr3GoK4cRZyXFaec8ZOw
Patriot AC & Plumbing,Mesa,Arizona,AZ,85203,Plumber,Plumber,Plumber,OPERATIONAL,+14803883100,http://www.patriotaz.com,"730 E Brown Rd, Mesa, AZ 85203",true,true,true,false,false,manual_review,operational plumbing candidate without explicit emergency or 24/7 evidence,,ChIJ88xwf7GnK4cR1dxTGNlSZe8
Plumb Vine,Mesa,Arizona,AZ,85201,Plumber,Plumber,Plumber,OPERATIONAL,+14806080088,https://plumbingvine.com,"738 W 1st Pl, Mesa, AZ 85201",true,true,true,false,false,manual_review,operational plumbing candidate without explicit emergency or 24/7 evidence,,ChIJKyJs0lEarmcRogv2bAw9BDQ
Rooty's Plumbing Services LLC,Mesa,Arizona,AZ,85203,Plumber,Plumber,Plumber,OPERATIONAL,+14802858269,,"901 E Inca St, Mesa, AZ 85203",true,true,false,false,false,manual_review,operational plumbing candidate without explicit emergency or 24/7 evidence,,ChIJdai0KGLVAW8RrL4KrkZ7b0k
Rowley Plumbing Inc,Mesa,Arizona,AZ,85203,Plumber,Plumber,Plumber,OPERATIONAL,+14808345152,https://rowleyplumbinginc.com,"1801 N Horne, Mesa, AZ 85203",true,true,true,false,false,manual_review,operational plumbing candidate without explicit emergency or 24/7 evidence,,ChIJL7W09KqnK4cR6W4-O8Jxm7g
Simply Better Plumbing and Drain,Mesa,Arizona,AZ,85210,Plumber,Plumber,Plumber,OPERATIONAL,+14809932230,https://www.simplybetterplumbinganddrain.com,"535 W Iron Ave #105, Mesa, AZ 85210",true,true,true,false,false,manual_review,operational plumbing candidate without explicit emergency or 24/7 evidence,,ChIJbcILVoGnK4cRJkvMbrUwHro
Starrick Plumbing Inc.,Mesa,Arizona,AZ,85210,Plumber,Plumber,Plumber,OPERATIONAL,+15205904900,,"1065 S Center St, Mesa, AZ 85210",true,true,false,false,false,manual_review,operational plumbing candidate without explicit emergency or 24/7 evidence,,ChIJYUfz-XKoK4cRv2odIL10kww
Step Up Plumbing LLC,Mesa,Arizona,AZ,85215,Plumber,Plumber,Plumber,OPERATIONAL,+14807033533,http://stepupplumbing.com,"5338 E Lindstrom Ln, Mesa, AZ 85215",true,true,true,false,false,manual_review,operational plumbing candidate without explicit emergency or 24/7 evidence,,ChIJMyHqAz4JK4cRXnbwpqEZHcg
Summit Plumbing Pros LLC,Mesa,Arizona,AZ,85210,Plumber,Plumber,"Plumber, Drainage service",OPERATIONAL,+14804708706,http://www.summitplumbingpros.com/%3Futm_campaign%3Dgmb,"950 W Birchwood Ave #12, Mesa, AZ 85210",true,true,true,false,false,manual_review,operational plumbing candidate without explicit emergency or 24/7 evidence,,ChIJow_HBOfNeawRcL5e1ebzxwY
Sweet Dreams Plumbing,Mesa,Arizona,AZ,85207,Plumber,Plumber,"Plumber, Drainage service, Water filter supplier, Water purification company, Water softening equipment supplier, Water testing service, Water treatment supplier",OPERATIONAL,+16024639751,https://sweetdreamsplumbing.com,"8009 E Cicero St, Mesa, AZ 85207",true,true,true,false,false,manual_review,operational plumbing candidate without explicit emergency or 24/7 evidence,,ChIJR1wNlAaxK4cRtYhEuT8kC28
The Cooling & Plumbing Co,Mesa,Arizona,AZ,85205,HVAC contractor,HVAC contractor,"HVAC contractor, Air conditioning contractor, Air conditioning repair service, Drainage service, Furnace repair service, Gasfitter, Heating contractor, Plumber",OPERATIONAL,+14808131155,https://azcpg.com,"5026 E Main St Unit 16, Mesa, AZ 85205",true,true,true,false,false,manual_review,operational plumbing candidate without explicit emergency or 24/7 evidence,,ChIJ__-_RcKnK4cR7YaGyPxS6GY
THE PLUMBING DR.,Mesa,Arizona,AZ,85209,Plumber,Plumber,Plumber,OPERATIONAL,+14807359020,http://theplumbingdrllc.com,"9755 E Meseto Ave, Mesa, AZ 85209",true,true,true,false,false,manual_review,operational plumbing candidate without explicit emergency or 24/7 evidence,,ChIJ0zq5F4KxK4cRste7wuyOwvg
Vic Val Plumbing Services LLC,Mesa,Arizona,AZ,85201,Plumber,Plumber,Plumber,OPERATIONAL,+14803478918,,"2060 N Center St #116, Mesa, AZ 85201",true,true,false,false,false,manual_review,operational plumbing candidate without explicit emergency or 24/7 evidence,,ChIJtTThjHmnK4cRJMh4K4XYVvE
Streamline Plumbing AZ,Queen Creek,Arizona,AZ,85142,Plumber,Plumber,"Plumber, Drainage service, Septic system service",OPERATIONAL,+14802385000,http://www.streamlineplumbingnow.com,"18610 E Rittenhouse Rd Ste A100, Queen Creek, AZ 85142",true,true,true,false,false,manual_review,operational plumbing candidate without explicit emergency or 24/7 evidence,,ChIJdfecVcapK4cRn8lTtJQQm_U
Simba Plumbing LLC,Scottsdale,Arizona,AZ,85260,Plumber,Plumber,"Plumber, Gas installation service",OPERATIONAL,+16029623537,https://www.simbaplumbing.co,"15863 N Greenway Hayden Loop Ste 117, Scottsdale, AZ 85260",true,true,true,false,false,manual_review,operational plumbing candidate without explicit emergency or 24/7 evidence,,ChIJd0h6_TtdK4cRaFuOPwQAi9s
Hec's Plumbing & Construction,Bonita,California,CA,91902,Plumber,Plumber,"Plumber, Bathroom remodeler, Kitchen remodeler",OPERATIONAL,+16199467378,,"1708 Horseshoe Ct, Bonita, CA 91902",true,true,false,false,false,manual_review,operational plumbing candidate without explicit emergency or 24/7 evidence,,ChIJsYZ29PFP2YARL2LHsigjC9o
Ace Rooter Plumbing and Drain Services,Chula Vista,California,CA,91910,Plumber,Plumber,"Plumber, Drainage service",OPERATIONAL,+16193927536,http://www.acerooterplumbing.com,"150 E St, Chula Vista, CA 91910",true,true,true,false,false,manual_review,operational plumbing candidate without explicit emergency or 24/7 evidence,,ChIJoR1XMwFO2YARKxXgoqg5Z08
Ameri-Mex Plumbing Incorporated,Chula Vista,California,CA,91911,Plumber,Plumber,"Plumber, Air conditioning contractor, Heating contractor",OPERATIONAL,+16194228996,https://amerimexpl.com,"1038 Woodlawn Ave, Chula Vista, CA 91911",true,true,true,false,false,manual_review,operational plumbing candidate without explicit emergency or 24/7 evidence,,ChIJX-Y2N1NN2YAR11HoH-rYXcQ
Blue Planet Drains & Plumbing Inc.,Chula Vista,California,CA,91911,Plumber,Plumber,"Plumber, Drainage service",OPERATIONAL,+16198639593,http://www.plumbersinsandiego.com,"2252 Main St #12, Chula Vista, CA 91911",true,true,true,false,false,manual_review,operational plumbing candidate without explicit emergency or 24/7 evidence,,ChIJLXnhsBVF2YARmJk_6CKekkE
BPI Plumbing,Chula Vista,California,CA,91911,Plumber,Plumber,Plumber,OPERATIONAL,+16194299066,http://www.bpiplumbing.com,"1021 Bay Blvd Ste s, Chula Vista, CA 91911",true,true,true,false,false,manual_review,operational plumbing candidate without explicit emergency or 24/7 evidence,,ChIJJ1GfXZtF2YARgW5_OQPKob4
Direct Plumbers Chula Vista,Chula Vista,California,CA,91910,Plumber,Plumber,Plumber,OPERATIONAL,+16193256009,https://directplumberschulavista.com,"267 3rd Ave, Chula Vista, CA 91910",true,true,true,false,false,manual_review,operational plumbing candidate without explicit emergency or 24/7 evidence,,ChIJxcn7o-uUOYMR6AhScjcPrpE
Fix Plumbing & Drains,Chula Vista,California,CA,91911,Plumber,Plumber,Plumber,OPERATIONAL,+16194761974,http://www.fixplumbing.com,"180 Mace St Ste C-15, Chula Vista, CA 91911",true,true,true,false,false,manual_review,operational plumbing candidate without explicit emergency or 24/7 evidence,,ChIJAQBwPsBO2YARyiWtYArVsQA
"Fuller's Plumbing , Inc.",Chula Vista,California,CA,91911,Plumber,Plumber,"Plumber, Drainage service, Hot water system supplier, Plumbing supply store, Water filter supplier",OPERATIONAL,+16194270220,https://fullersplumbing.com,"1063 3rd Ave, Chula Vista, CA 91911",true,true,true,false,false,manual_review,operational plumbing candidate without explicit emergency or 24/7 evidence,,ChIJN_6Ol3xO2YAR4ozS8ZUgClE
GGG Plumbing Co Inc,Chula Vista,California,CA,91910,Contractor,Contractor,Contractor,OPERATIONAL,+16196778275,http://gggplumbing.com,"311 F St #206, Chula Vista, CA 91910",true,true,true,false,false,manual_review,operational plumbing candidate without explicit emergency or 24/7 evidence,,ChIJbc0mkP1N2YARtNvcawl-uQI
Grainger Industrial Supply,Chula Vista,California,CA,91911,Tool store,Tool store,"Tool store, Abrasives supplier, Electric motor store, Electrical supply store, Hydraulic equipment supplier, Industrial equipment supplier, Janitorial equipment supplier, Material handling equipment supplier, Plumbing supply store, Safety equipment supplier",OPERATIONAL,+18004724643,https://www.grainger.com/branch/Chula-Vista-Branch-720,"1150 Bay Blvd, Chula Vista, CA 91911",true,true,true,false,false,manual_review,operational plumbing candidate without explicit emergency or 24/7 evidence,,ChIJsdrltTJM2YARqwjIKY2CeSA
Home Services at The Home Depot,Chula Vista,California,CA,91910,General contractor,Plumber,"Plumber, Bathroom remodeler, Countertop contractor, Electrician, Flooring contractor, Garage door supplier, HVAC contractor, General contractor, Remodeler, Window installation service",OPERATIONAL,+18444762140,https://www.homedepot.com/l/Chula-Vista/CA/Chula-Vista/91910/658/services%3Femt%3DHSGoogleMaps,"725 Plaza Ct, Chula Vista, CA 91910",true,true,true,false,false,manual_review,operational plumbing candidate without explicit emergency or 24/7 evidence,,ChIJXw0Q1bRP2YARrqXKE7-no04
M & M - Chula Vista Plumbing,Chula Vista,California,CA,91911,Plumber,Plumber,"Plumber, Drainage service, HVAC contractor",OPERATIONAL,+16195170279,https://mandmplumbingpro.com,"237 Palm Ave, Chula Vista, CA 91911",true,true,true,false,false,manual_review,operational plumbing candidate without explicit emergency or 24/7 evidence,,ChIJc4FJnJNO2YARXm6KSzqNP8Q
Primo Plumbing,Chula Vista,California,CA,91911,Plumber,Plumber,Plumber,OPERATIONAL,+16196916829,https://primo4plumbing.com,"528 Welton St, Chula Vista, CA 91911",true,true,true,false,false,manual_review,operational plumbing candidate without explicit emergency or 24/7 evidence,,ChIJw4TRVn9O2YAR0MwIo46oIJg
Just For You Plumbing and Heating,Imperial Beach,California,CA,91932,Plumber,Plumber,Plumber,OPERATIONAL,+16193740306,https://justforyouplumbers.com/imperial-beach-ca,"600 Palm Ave # 121, Imperial Beach, CA 91932",true,true,true,false,false,manual_review,operational plumbing candidate without explicit emergency or 24/7 evidence,,ChIJ9yD3ClpN2YARyNByiEsrRNI
Jc Plumbing & Heating,National City,California,CA,91950,Plumber,Plumber,Plumber,OPERATIONAL,+16194775001,,"1508 Hoover Ave, National City, CA 91950",true,true,false,false,false,manual_review,operational plumbing candidate without explicit emergency or 24/7 evidence,,ChIJAQBwO0FS2YARz--GEOMCW2I
"Ozzy's Plumbing & Drains Services, Inc.",National City,California,CA,91950,Plumber,Plumber,Plumber,OPERATIONAL,+16194703431,http://www.ozzysplumbingsdinc.com,"337 W 35th St Suite P, National City, CA 91950",true,true,true,false,false,manual_review,operational plumbing candidate without explicit emergency or 24/7 evidence,,ChIJAzMwOplF2YARi-Ob-kwGhrg
Plumber & Toilet Unclogging Pros National City,National City,California,CA,91950,Plumber,Plumber,Plumber,OPERATIONAL,+16196162961,,"2605 Hoover Ave, National City, CA 91950",true,true,false,false,false,manual_review,operational plumbing candidate without explicit emergency or 24/7 evidence,,ChIJ-12WsDZT2YAREC_BxHSXV6E
RG3 Plumbing,National City,California,CA,91950,Plumber,Plumber,Plumber,OPERATIONAL,+16197770828,https://rg3plumbing.com,"415 W 12th St, National City, CA 91950",true,true,true,false,false,manual_review,operational plumbing candidate without explicit emergency or 24/7 evidence,,ChIJAQDk3D5S2YARCxi00M_DJ5Y
American Plumbing Co | Plumber in San Diego,San Diego,California,CA,92102,Plumber,Plumber,"Plumber, Bathroom remodeler, Contractor, Drainage service",OPERATIONAL,+16197231114,https://plumbersandiegoonline.com,"422 21st St, San Diego, CA 92102",true,true,true,false,false,manual_review,operational plumbing candidate without explicit emergency or 24/7 evidence,,ChIJ_3iUbmZT2YARntaBbzEIKpU
"Exodus Plumbing, Inc",San Diego,California,CA,92117,Plumber,Plumber,"Plumber, Contractor",OPERATIONAL,+18583548185,https://www.exodusplumbing.com,"3553 Clairemont Mesa Blvd, San Diego, CA 92117",true,true,true,false,false,manual_review,operational plumbing candidate without explicit emergency or 24/7 evidence,,ChIJyd1JqH8B3IARiACaTDD9Ja4
Express Plumbing & Water Heaters,San Diego,California,CA,92103,Plumber,Plumber,Plumber,OPERATIONAL,+16199405407,http://expressplumbingwaterheaters.com/%3Futm_source%3DGoogle%26utm_medium%3Dlocal%26utm_campaign%3Dsearch,"3521 Georgia St, San Diego, CA 92103",true,true,true,false,false,manual_review,operational plumbing candidate without explicit emergency or 24/7 evidence,,ChIJHajIgehU2YAR9V8j_yBIen0
Frankie's Plumbing,San Diego,California,CA,92103,Plumber,Plumber,"Plumber, Drainage service",OPERATIONAL,+16193955254,https://www.frankiesplumbing.us,"1701 Washington Pl, San Diego, CA 92103",true,true,true,false,false,manual_review,operational plumbing candidate without explicit emergency or 24/7 evidence,,ChIJv4BiJEudeoIRaegZCjLXDks
Go Plumbing and More,San Diego,California,CA,92154,Plumber,Plumber,"Plumber, Drainage service",OPERATIONAL,+16198522507,http://goplumbingandmore.com,"790 Kostner Dr, San Diego, CA 92154",true,true,true,false,false,manual_review,operational plumbing candidate without explicit emergency or 24/7 evidence,,ChIJN9Dok85P2YARb9GsXlg-YGM
Prompt Plumbing San Diego,San Diego,California,CA,92108,Plumber,Plumber,Plumber,OPERATIONAL,+16193256016,https://promptplumbingsandiego.com,"2021 Camino Del Este, San Diego, CA 92108",true,true,true,false,false,manual_review,operational plumbing candidate without explicit emergency or 24/7 evidence,,ChIJsebLosqm7AkRedZ8K-ElV4I
United Plumbing and Water Heaters,San Diego,California,CA,92105,Plumber,Plumber,"Plumber, Boiler manufacturer, Boiler supplier, Contractor, Drainage service, Repair service, Sewage disposal service, Water treatment supplier, Water works",OPERATIONAL,+19168806111,https://plumbing-united.com/sandiego/%3Futm_source%3Dgmb%26utm_medium%3Dsandiego,"2003 Bayview Heights Dr Spc 40, San Diego, CA 92105",true,true,true,false,false,manual_review,operational plumbing candidate without explicit emergency or 24/7 evidence,,ChIJR73GoG_N2mAR51XdDkxTatk
"Expert Plumbers, Inc.",Vista,California,CA,92081,Plumber,Plumber,"Plumber, Contractor, Plumbing supply store",OPERATIONAL,+17602953756,http://www.expertplumber.net,"1386 Poinsettia Ave Suite F, Vista, CA 92081",true,true,true,false,false,manual_review,operational plumbing candidate without explicit emergency or 24/7 evidence,,ChIJF1m_z_B23IAR3w0bRGmpCl0
Coral Gables Plumbers,Coral Gables,Florida,FL,33133,Plumber,Plumber,Plumber,OPERATIONAL,+13056005510,http://www.coralgablesplumbers.com,"102 Edgewater Dr, Coral Gables, FL 33133",true,true,true,false,false,manual_review,operational plumbing candidate without explicit emergency or 24/7 evidence,,ChIJv4clHhnI2YgRkgSiO8hoxro
Leza's Plumbing CORP,Hialeah,Florida,FL,33010,Plumber,Plumber,Plumber,OPERATIONAL,+13057125392,http://www.lezaplumbing.com,"558 W 18th St, Hialeah, FL 33010",true,true,true,false,false,manual_review,operational plumbing candidate without explicit emergency or 24/7 evidence,,ChIJ7XaIcGy62YgRWpyhFWSkG2w
Call A Plumber,Key Biscayne,Florida,FL,33149,Plumber,Plumber,Plumber,OPERATIONAL,+13053616066,,"800 Crandon Blvd #202, Key Biscayne, FL 33149",true,true,false,false,false,manual_review,operational plumbing candidate without explicit emergency or 24/7 evidence,,ChIJ8fTKA23K2YgRdmAgHGh-qF8
Montam Construction and Plumbing,Miami Beach,Florida,FL,33139,Plumber,Plumber,"Plumber, Construction company",OPERATIONAL,+13054238186,https://montamplumbing.com,"1680 Michigan Ave Suite 700, Miami Beach, FL 33139",true,true,true,false,false,manual_review,operational plumbing candidate without explicit emergency or 24/7 evidence,,ChIJ8YU7ZGXc-mwRAtjmnPe1y_Q
Jehveh Plumbing Company,Miami Gardens,Florida,FL,33014,Plumber,Plumber,Plumber,OPERATIONAL,+13057140343,http://www.jehvehplumbers.com,"15910 NW 48th Ave, Miami Gardens, FL 33014",true,true,true,false,false,manual_review,operational plumbing candidate without explicit emergency or 24/7 evidence,,ChIJxVwlovPD2YgRHivRHj7lTiE
Acer Plumbing - North Miami,Miami,Florida,FL,33179,Plumber,Plumber,Plumber,OPERATIONAL,+19542436644,http://acer-plumbing.com,"1851 NE 206th Terrace, Miami, FL 33179",true,true,true,false,false,manual_review,operational plumbing candidate without explicit emergency or 24/7 evidence,,ChIJAQAAAISu2YgRt6NYoVPWvYA
AKO Plumbing Corp.,Miami,Florida,FL,33125,Plumber,Plumber,"Plumber, Contractor",OPERATIONAL,+13052698033,http://akoplumbing.com,"300 NW 22nd Ave, Miami, FL 33125",true,true,true,false,false,manual_review,operational plumbing candidate without explicit emergency or 24/7 evidence,,ChIJN3nZTHq32YgRH6FOP0y4vRI
"Ark Plumbing, LLC",Miami,Florida,FL,33179,Plumber,Plumber,Plumber,OPERATIONAL,+17542833571,http://arkplumb.com,"18361 NE 4th Ct, Miami, FL 33179",true,true,true,false,false,manual_review,operational plumbing candidate without explicit emergency or 24/7 evidence,,ChIJH-Gnk_Ct2YgR9q-4mJnIK-w
Backflow Bob,Miami,Florida,FL,33133,Plumber,Plumber,Plumber,OPERATIONAL,+13054471001,,"3029 SW 28th St, Miami, FL 33133",true,true,false,false,false,manual_review,operational plumbing candidate without explicit emergency or 24/7 evidence,,ChIJd-N_j7e32YgRksRCzHFodg8
Beyond Plumbing Corp,Miami,Florida,FL,33155,Plumber,Plumber,Plumber,OPERATIONAL,+13055042001,https://beyondplumbingcorp.com,"4669 SW 72nd Ave, Miami, FL 33155",true,true,true,false,false,manual_review,operational plumbing candidate without explicit emergency or 24/7 evidence,,ChIJLYp-Hny42YgROcgKcCelytQ
"Big Lou's Quality Plumbing, Inc",Miami,Florida,FL,33181,Contractor,Contractor,Contractor,OPERATIONAL,+13059059420,,"2225 NE 123rd St, Miami, FL 33181",true,true,false,false,false,manual_review,operational plumbing candidate without explicit emergency or 24/7 evidence,,ChIJ__8P7Xmy2YgRbgjQhg_Cp2E
Dovis Plumbing,Miami,Florida,FL,33179,Plumber,Plumber,Plumber,OPERATIONAL,+19545046628,https://www.dovisplumbing.com,"20217 NE 15th Ct, Miami, FL 33179",true,true,true,false,false,manual_review,operational plumbing candidate without explicit emergency or 24/7 evidence,,ChIJu-OxbCms2YgRD8y03oqYRKU
Flagami Plumbing,Miami,Florida,FL,33126,Plumber,Plumber,"Plumber, Plumbing",OPERATIONAL,+13056005520,http://www.flagamiplumbing.com,"7759 NW 2nd St, Miami, FL 33126",true,true,true,false,false,manual_review,operational plumbing candidate without explicit emergency or 24/7 evidence,,ChIJzyhc-2232YgRi3XIGo8_eBo
Horne Plumbing,Miami,Florida,FL,33143,Plumber,Plumber,Plumber,OPERATIONAL,+13056668583,https://horneplumbing.com,"6767 SW 81st St, Miami, FL 33143",true,true,true,false,false,manual_review,operational plumbing candidate without explicit emergency or 24/7 evidence,,ChIJBcoINsGxk0gRJRM3NxUI0Ig
"Kabi Plumbing, Inc.",Miami,Florida,FL,33174,Plumber,Plumber,Plumber,OPERATIONAL,+17863427855,,"11034 W Flagler St, Miami, FL 33174",true,true,false,false,false,manual_review,operational plumbing candidate without explicit emergency or 24/7 evidence,,ChIJSZMqmCe_2YgReCHtEG2BQS8
Laredo Plumbing Inc.,Miami,Florida,FL,33175,Plumber,Plumber,Plumber,OPERATIONAL,+17863440873,,"1994 SW 142nd Ave, Miami, FL 33175",true,true,false,false,false,manual_review,operational plumbing candidate without explicit emergency or 24/7 evidence,,ChIJ3fQSuua62YgRTfpLAR5N174
Liriano Plumbing Inc.,Miami,Florida,FL,33175,Plumber,Plumber,Plumber,OPERATIONAL,+13054399023,http://lirianoplumbing.com,"14325 SW 52nd St, Miami, FL 33175",true,true,true,false,false,manual_review,operational plumbing candidate without explicit emergency or 24/7 evidence,,ChIJZ2CE5EfB2YgRs4vOi35speg
Ludlam Plumbing,Miami,Florida,FL,33155,Plumber,Plumber,"Plumber, Plumbing",OPERATIONAL,+13056005520,http://www.ludlamplumbing.com,"7194 SW 41st St, Miami, FL 33155",true,true,true,false,false,manual_review,operational plumbing candidate without explicit emergency or 24/7 evidence,,ChIJBUpOcWW42YgRqQhNl06YDu4
"Manny & Lou Plumbing Contractors,Inc.",Miami,Florida,FL,33155,Plumber,Plumber,Plumber,OPERATIONAL,+13056667511,https://mannyandlou.com,"7105 SW 47th St, Miami, FL 33155",true,true,true,false,false,manual_review,operational plumbing candidate without explicit emergency or 24/7 evidence,,ChIJWf8OYXC42YgRFu-vfU8QzkY
Mohr corp plumbing,Miami,Florida,FL,33155,Plumber,Plumber,Plumber,OPERATIONAL,+13059626978,http://mohrcorpplumbing.net,"3121 SW 64th Ave, Miami, FL 33155",true,true,true,false,false,manual_review,operational plumbing candidate without explicit emergency or 24/7 evidence,,ChIJKzd0UCC52YgRfzQAOXqMqdw
N & Q Electric & Plumbing Miami,Miami,Florida,FL,33125,Electrician,Plumber,"Plumber, Electrician",OPERATIONAL,+13056025615,https://www.nandqelectricandplumbing.com,"2137 NW 7th St, Miami, FL 33125",true,true,true,false,false,manual_review,operational plumbing candidate without explicit emergency or 24/7 evidence,,ChIJAQCQHjC32YgRdJGRvlLqRwk
Oasis Plumbing,Miami,Florida,FL,33138,Plumber,Plumber,"Plumber, Contractor, Drainage service, Pipe supplier, Water filter supplier, Water purification company, Water softening equipment supplier",OPERATIONAL,+13059008224,https://www.calloasis.com/%3Futm_source%3DGoogle%2BMaps%26utm_medium%3DOrganic,"7805 NE Bayshore Ct Unit 4, Miami, FL 33138",true,true,true,false,false,manual_review,operational plumbing candidate without explicit emergency or 24/7 evidence,,ChIJUUoSr7JfE2gRe4BxWfaVN8U
Precision Mechanical and Plumbing,Miami,Florida,FL,33155,Plumber,Plumber,"Plumber, Contractor, Drainage service, Excavating contractor, HVAC contractor, Repair service, Water damage restoration service, Water filter supplier, Water testing service",OPERATIONAL,+17864854994,https://precisionmechanicaltech.com,"4633 SW 74th Ave, Miami, FL 33155",true,true,true,false,false,manual_review,operational plumbing candidate without explicit emergency or 24/7 evidence,,ChIJgxb8dnu42YgRoBoP0ztTLls
Professional Trenchless Plumbing,Miami,Florida,FL,33157,Drainage service,Plumber,"Plumber, Drainage service",OPERATIONAL,+17865375215,https://ptsewerrepair.com,"9536 st SW 166th Terrace, Miami, FL 33157",true,true,true,false,false,manual_review,operational plumbing candidate without explicit emergency or 24/7 evidence,,ChIJkdW6P3nF2YgRprzSHIdRyFY
RCR plumbing services inc,Miami,Florida,FL,33176,Plumber,Plumber,"Plumber, Drainage service, Gasfitter",OPERATIONAL,+13053361646,http://www.rcrplumbingservices.com,"14707 S Dixie Hwy #315, Miami, FL 33176",true,true,true,false,false,manual_review,operational plumbing candidate without explicit emergency or 24/7 evidence,,ChIJMVLPfjHF2YgRy9ETZmJ9Lkk
Right Way Plumbing Co,Miami,Florida,FL,33122,Plumber,Plumber,"Plumber, Contractor",OPERATIONAL,+19544230000,http://www.rightwayplumbing.com,"7325 NW 35th St, Miami, FL 33122",true,true,true,false,false,manual_review,operational plumbing candidate without explicit emergency or 24/7 evidence,,ChIJaXTQ_IO52YgRxYw45AnsiHI
"Ringemann Plumbing, Inc.",Miami,Florida,FL,33142,Plumber,Plumber,Plumber,OPERATIONAL,+13056354516,https://www.ringemannplumbing.com,"2190 NW 22nd Ct, Miami, FL 33142",true,true,true,false,false,manual_review,operational plumbing candidate without explicit emergency or 24/7 evidence,,ChIJm6voVxO32YgRn9_LdI2IJ5Y
Royal Flush Plumbing & Supply,Miami,Florida,FL,33177,Plumber,Plumber,Plumber,OPERATIONAL,+13052557755,http://royalflushplumbingmiami.com,"21031 SW 125th Avenue Rd, Miami, FL 33177",true,true,true,false,false,manual_review,operational plumbing candidate without explicit emergency or 24/7 evidence,,ChIJI0dkDw7D2YgRbOb_9TYwCkc
Royal Plumbing Corporation,Miami,Florida,FL,33147,Plumber,Plumber,Plumber,OPERATIONAL,+13056941964,,"3525 NW 79th St, Miami, FL 33147",true,true,false,false,false,manual_review,operational plumbing candidate without explicit emergency or 24/7 evidence,,ChIJA2RKKI2w2YgRZ0FtKWoo6o8
South End Plumbing Inc,Miami,Florida,FL,33176,Plumber,Plumber,Plumber,OPERATIONAL,+13052357177,,"8805 SW 129th St, Miami, FL 33176",true,true,false,false,false,manual_review,operational plumbing candidate without explicit emergency or 24/7 evidence,,ChIJFZXEwOzG2YgRdM2jPZq2S7A
"USA Plumbing & Septic, Inc - Plumbing Service",Miami,Florida,FL,33129,Plumber,Plumber,"Plumber, Septic system service",OPERATIONAL,+13058561696,http://www.usaplumbingandseptic.com,"415 SW 19th Rd, Miami, FL 33129",true,true,true,false,false,manual_review,operational plumbing candidate without explicit emergency or 24/7 evidence,,ChIJZ0nTcIm22YgR_kXZuV986IE
"USA Plumbing & Septic, Inc. - Plumber Miami",Miami,Florida,FL,33142,Plumber,Plumber,"Plumber, Septic system service",OPERATIONAL,+13058561696,https://www.usaplumbingandseptic.com,"2745 NW 24th St, Miami, FL 33142",true,true,true,false,false,manual_review,operational plumbing candidate without explicit emergency or 24/7 evidence,,ChIJnxQZWi632YgRV6g6er6pt0U
"V & V Plumbing, Inc",Miami,Florida,FL,33147,Plumber,Plumber,Plumber,OPERATIONAL,+17862819960,,"3019 NW 88th St, Miami, FL 33147",true,true,false,false,false,manual_review,operational plumbing candidate without explicit emergency or 24/7 evidence,,ChIJG7S2HH2x2YgRQS23o65frRk
Epoca Corp (plumbing Contractor),North Miami,Florida,FL,33161,Plumber,Plumber,"Plumber, Contractor",OPERATIONAL,+13057785103,,"800 NE 125th St, North Miami, FL 33161",true,true,false,false,false,manual_review,operational plumbing candidate without explicit emergency or 24/7 evidence,,ChIJAQDQ-QOy2YgRWkpncvSB6Vs
Felix Fera Plumbing,North Miami,Florida,FL,33181,Plumber,Plumber,Plumber,OPERATIONAL,+13059455325,https://felixferaplumbing.com,"1885 NE 149th St A, North Miami, FL 33181",true,true,true,false,false,manual_review,operational plumbing candidate without explicit emergency or 24/7 evidence,,ChIJT483d5St2YgRSIfNzq3SM5I
Kings Plumbing,North Miami,Florida,FL,33168,Plumber,Plumber,"Plumber, Air conditioning contractor, Air conditioning repair service, Air duct cleaning service, Boiler supplier, Chimney sweep, Dryer vent cleaning service, Electrician, Heating contractor, HVAC contractor",OPERATIONAL,+13056855773,,"14050 NW 6th Ct, North Miami, FL 33168",true,true,false,false,false,manual_review,operational plumbing candidate without explicit emergency or 24/7 evidence,,ChIJGygQ7yGu2YgRp07pOR85dqo
Oasis Plumbing,North Miami,Florida,FL,33161,Plumber,Plumber,"Plumber, Contractor, Drainage service, Heating contractor, Water purification company, Water testing service",OPERATIONAL,+13058344321,https://calloasis.com/%3Futm_campaign%3Dgmb,"13001 NE 14th Ave, North Miami, FL 33161",true,true,true,false,false,manual_review,operational plumbing candidate without explicit emergency or 24/7 evidence,,ChIJD-gDHXpbwokRscAgchnOoGw
Mouradian Plumbing & Heating,Arlington,Massachusetts,MA,2476,Plumber,Plumber,"Plumber, Contractor, Heating contractor",OPERATIONAL,+17817903890,https://www.mouradianplumbingheating.com,"32 Prentiss Rd #204, Arlington, MA 02476",true,true,true,false,false,manual_review,operational plumbing candidate without explicit emergency or 24/7 evidence,,ChIJE84fsUd244kRiIvk_SW-w-0
"Freiner Company, Inc.",Belmont,Massachusetts,MA,2478,Plumber,Plumber,"Plumber, Air conditioning contractor, Air conditioning repair service, Air conditioning system supplier, Gasfitter, Heating contractor, Heating equipment supplier, HVAC contractor",OPERATIONAL,+16174844404,http://www.freiner.com,"45 Brighton St, Belmont, MA 02478",true,true,true,false,false,manual_review,operational plumbing candidate without explicit emergency or 24/7 evidence,,ChIJSYAo77p344kRBoUD342xGN0
Colantuno & Son Plumbing,Boston,Massachusetts,MA,2132,Plumber,Plumber,Plumber,OPERATIONAL,+16172725631,,"Centre St, Boston, MA 02132",true,true,false,false,false,manual_review,operational plumbing candidate without explicit emergency or 24/7 evidence,,ChIJxWEDhz1_44kRCKkewML23Ng
Excel Plumbing and heating,Boston,Massachusetts,MA,2124,Plumber,Plumber,"Plumber, Heating contractor",OPERATIONAL,+16179133524,http://www.excelphboston.com,"256 Ashmont St Suite 3, Boston, MA 02124",true,true,true,false,false,manual_review,operational plumbing candidate without explicit emergency or 24/7 evidence,,ChIJNZQNQAV744kR72ep4oA3pR0
F.W. Webb Company - Boston,Boston,Massachusetts,MA,2119,Wholesaler,Wholesaler,"Wholesaler, Heating equipment supplier, Industrial equipment supplier, Plumbing supply store",OPERATIONAL,+16172272240,https://www.fwwebb.com/locations/branch.php%3Fst%3DMA%26city%3DBoston,"101 Hampden St, Boston, MA 02119",true,true,true,false,false,manual_review,operational plumbing candidate without explicit emergency or 24/7 evidence,,ChIJ7-frdXB644kRChooiwALc8E
Narrow Way Plumbing & Heating,Boston,Massachusetts,MA,2124,Plumber,Plumber,"Plumber, Heating contractor",OPERATIONAL,+16174365229,http://narrowway.com,"217 Norfolk St, Boston, MA 02124",true,true,true,false,false,manual_review,operational plumbing candidate without explicit emergency or 24/7 evidence,,ChIJiRFzR_F744kREBVdRjb9sUY
Primetime Boston Plumbers,Boston,Massachusetts,MA,2108,Plumber,Plumber,Plumber,OPERATIONAL,+16179368955,,"127 Tremont St, Boston, MA 02108",true,true,false,false,false,manual_review,operational plumbing candidate without explicit emergency or 24/7 evidence,,ChIJAfqaIf6B1mYRHZkvHvy0ZCI
Reservoir Home,Boston,Massachusetts,MA,2129,Plumber,Plumber,"Plumber, Hot water system supplier",OPERATIONAL,+16172493048,https://reservoirhome.com,"50 Terminal St Bldg 2, Suite 723, Boston, MA 02129",true,true,true,false,false,manual_review,operational plumbing candidate without explicit emergency or 24/7 evidence,,ChIJzUFBv4xx44kROdi7WNG1Cdw
"Minuteman Plumbing, Heating & Cooling",Cambridge,Massachusetts,MA,2138,Plumber,Plumber,"Plumber, Air conditioning contractor, Air conditioning repair service, Furnace repair service, Heating contractor, HVAC contractor, Mechanical contractor",OPERATIONAL,+16179993249,https://minutemanplumbing.com,"100 Garden St, Cambridge, MA 02138",true,true,true,false,false,manual_review,operational plumbing candidate without explicit emergency or 24/7 evidence,,ChIJH8DummWT5UwRF0jBpLzUbvI
Royal Plumber Cambridge,Cambridge,Massachusetts,MA,2140,Plumber,Plumber,Plumber,OPERATIONAL,+13393298721,,"2386 Massachusetts Ave, Cambridge, MA 02140",true,true,false,false,false,manual_review,operational plumbing candidate without explicit emergency or 24/7 evidence,,ChIJezSsgNMWmoYRtlAugK_k3PY
A.F. Ventolieri Plumbing & Heating LLC,Charlestown,Massachusetts,MA,2129,Plumber,Plumber,Plumber,OPERATIONAL,+16172934253,https://clienthub.getjobber.com/client_hubs/a9690761-8aeb-4671-8fcc-b26ab0c88a14/public/work_request/new%3Fsource%3Dsocial_media,"50 Terminal St, Charlestown, MA 02129",true,true,true,false,false,manual_review,operational plumbing candidate without explicit emergency or 24/7 evidence,,ChIJU-sWSGl644kRYr6SYpWatRE
Drew Donarumo Plumbing and Heating,Chelsea,Massachusetts,MA,2150,Plumber,Plumber,Plumber,OPERATIONAL,+16172936801,https://www.drewdonarumoplumbing.net,"714 Broadway, Chelsea, MA 02150",true,true,true,false,false,manual_review,operational plumbing candidate without explicit emergency or 24/7 evidence,,ChIJRa0aULhx44kRIvB0tmqgwM8
Gomes Plumbing Heating & Cooling,Dorchester,Massachusetts,MA,2122,Plumber,Plumber,"Plumber, Heating contractor, HVAC contractor",OPERATIONAL,+16178187601,http://www.gomesplumbingheatingandcooling.com,"63 Hecla St, Dorchester, MA 02122",true,true,true,false,false,manual_review,operational plumbing candidate without explicit emergency or 24/7 evidence,,ChIJo3oGILB744kRT5Jnyt6gcrs
John's Plumbing & Heating,Dorchester,Massachusetts,MA,2122,Heating contractor,Heating contractor,Heating contractor,OPERATIONAL,+16172889462,,"20 Woodworth St, Dorchester, MA 02122",true,true,false,false,false,manual_review,operational plumbing candidate without explicit emergency or 24/7 evidence,,ChIJBzejfXF744kRn6V4vTm0kuA
Plumbers & Gasfitters UA Local 12,Dorchester,Massachusetts,MA,2125,Labor union,Labor union,Labor union,OPERATIONAL,+16172886200,http://www.plumbersandgasfitterslocal12.org,"1240 Massachusetts Ave, Dorchester, MA 02125",true,true,true,false,false,manual_review,operational plumbing candidate without explicit emergency or 24/7 evidence,,ChIJe_cali9744kRpDgQGSfU9A4
R T Ford Plumbing & Co,Dorchester,Massachusetts,MA,2122,Plumber,Plumber,"Plumber, Air conditioning contractor, Heating contractor",OPERATIONAL,+16174360353,http://www.neponset.org,"14 Minot St, Dorchester, MA 02122",true,true,true,false,false,manual_review,operational plumbing candidate without explicit emergency or 24/7 evidence,,ChIJr1Bo0HZ744kR16jwk8ryUlg
Buckley Brothers Inc,Malden,Massachusetts,MA,2148,Plumber,Plumber,Plumber,OPERATIONAL,+17813227509,https://www.buckleybrothers.net,"56 Edmund St, Malden, MA 02148",true,true,true,false,false,manual_review,operational plumbing candidate without explicit emergency or 24/7 evidence,,ChIJSz2nIMhz44kR3ptgXwmnqNo
Shalin Plumbing & Heating,Malden,Massachusetts,MA,2148,Plumber,Plumber,"Plumber, Air conditioning repair service, Furnace repair service, Heating contractor",OPERATIONAL,+17815584680,https://www.shalinplumbing.com,"59 Bowdoin St, Malden, MA 02148",true,true,true,false,false,manual_review,operational plumbing candidate without explicit emergency or 24/7 evidence,,ChIJfcnw_X9x44kRNbqK9JWJzJ0
In A Flash Heating and Plumbing,Medford,Massachusetts,MA,2155,Plumber,Plumber,"Plumber, Drainage service, Gas installation service, Gasfitter, Heating contractor",OPERATIONAL,+17815722575,https://www.flash-plumbing.com,"26 Sprague Ct, Medford, MA 02155",true,true,true,false,false,manual_review,operational plumbing candidate without explicit emergency or 24/7 evidence,,ChIJvYZm1n9x44kR9LW2FTW890c
Floros Plumbing & Heating - Melrose Massachusetts,Melrose,Massachusetts,MA,2176,Plumber,Plumber,"Plumber, HVAC contractor",OPERATIONAL,+16176073396,https://florosplumbingandheating.com,"66 Russell St, Melrose, MA 02176",true,true,true,false,false,manual_review,operational plumbing candidate without explicit emergency or 24/7 evidence,,ChIJFbQKPpVz44kR8YDkX9sw3xg
Power Plumbing,Milton,Massachusetts,MA,2186,Plumber,Plumber,"Plumber, Drainage service, Heating contractor, HVAC contractor",OPERATIONAL,+16176981818,https://powerplumbingboston.com,"16 Churchill St, Milton, MA 02186",true,true,true,false,false,manual_review,operational plumbing candidate without explicit emergency or 24/7 evidence,,ChIJ83NouiB844kRxvQo8ahgJs8
AVIKSIS PLUMBING,Newton,Massachusetts,MA,2458,Plumber,Plumber,Plumber,OPERATIONAL,+16175925939,,"254 California St, Newton, MA 02458",true,true,false,false,false,manual_review,operational plumbing candidate without explicit emergency or 24/7 evidence,,ChIJ4xQ20KWC44kRLjf_DweOnss
Hegarty Plumbing,Quincy,Massachusetts,MA,2169,Plumber,Plumber,"Plumber, Air conditioning contractor, Heating contractor",OPERATIONAL,+16174799536,https://gerryhegartyplumbing.com,"390 Granite St, Quincy, MA 02169",true,true,true,false,false,manual_review,operational plumbing candidate without explicit emergency or 24/7 evidence,,ChIJVVWBbsV844kRO4wwSsmcGgw
Rich Mathews & Son Plumbing & Gas Heating,Revere,Massachusetts,MA,2151,Heating contractor,Plumber,"Plumber, HVAC contractor, Heating contractor",OPERATIONAL,+17812845350,http://www.mathewsplumbing.com,"344 Mountain Ave, Revere, MA 02151",true,true,true,false,false,manual_review,operational plumbing candidate without explicit emergency or 24/7 evidence,,ChIJq5WfN_Jx44kRTnSqwCCJ45E
Jim's Plumbing & Heating,Somerville,Massachusetts,MA,2144,Plumber,Plumber,"Plumber, Heating contractor",OPERATIONAL,+16174848234,http://www.jimsplumbingheating.com,"99 Albion St STE 6, Somerville, MA 02144",true,true,true,false,false,manual_review,operational plumbing candidate without explicit emergency or 24/7 evidence,,ChIJNY9tlOt344kRfXBOxD2Xnz4
J.W. Langton Plumbing & Heating L.L.C,Waltham,Massachusetts,MA,2452,Plumber,Plumber,"Plumber, Bathroom remodeler, Gas installation service, Gasfitter, Kitchen remodeler",OPERATIONAL,+17812666623,http://jwlangton.com,"611 Trapelo Rd, Waltham, MA 02452",true,true,true,false,false,manual_review,operational plumbing candidate without explicit emergency or 24/7 evidence,,ChIJ8w5eGd6c44kRSJULj4irTPY
James McManus Plumbing and Heating,West Roxbury,Massachusetts,MA,2132,Plumber,Plumber,Plumber,OPERATIONAL,+16173258500,,"8 Bungalow Rd, West Roxbury, MA 02132",true,true,false,false,false,manual_review,operational plumbing candidate without explicit emergency or 24/7 evidence,,ChIJCRjgPg9_44kRASiAFdHYb9Y
"Ernie's Plumbing Service, Inc.",Arlington,Texas,TX,76013,Plumber,Plumber,Plumber,OPERATIONAL,+18888020005,https://www.erniesplumbing.com,"1809 W Pioneer Pkwy, Arlington, TX 76013",true,true,true,false,false,manual_review,operational plumbing candidate without explicit emergency or 24/7 evidence,,ChIJ_____28mTIYRzOp4tys-Ok4
"Carrollton Plumbing Service, Inc.",Carrollton,Texas,TX,75007,Plumber,Plumber,Plumber,OPERATIONAL,+19728200565,https://www.carrolltonplumbingservice.com/%3Futm_source%3Dgoogle_business_profile%26utm_medium%3Dorganic,"1448 Halsey Way #100, Carrollton, TX 75007",true,true,true,false,false,manual_review,operational plumbing candidate without explicit emergency or 24/7 evidence,,ChIJt7uFT9klTIYRtNnnEV2EWzM
"Cathedral Plumbing of Texas, LLC",Carrollton,Texas,TX,75007,Plumber,Plumber,"Plumber, Drainage service",OPERATIONAL,+19724462500,https://www.cathedralplumbingtx.com/%3Futm_source%3Dgoogle%26utm_medium%3Dgmb%26utm_campaign%3Dlocal,"1451 Halsey Way, Carrollton, TX 75007",true,true,true,false,false,manual_review,operational plumbing candidate without explicit emergency or 24/7 evidence,,ChIJXeVHbFcvTIYRlFvo1-AZ_Dw
Cole's Plumbing,Carrollton,Texas,TX,75006,Plumber,Plumber,"Plumber, Drainage service, Gas installation service",OPERATIONAL,+19722109033,https://colesplumbingdallas.com,"1325 W Whitlock Ln #309, Carrollton, TX 75006",true,true,true,false,false,manual_review,operational plumbing candidate without explicit emergency or 24/7 evidence,,ChIJqYFXlps7TIYRlj0i-xoLFDo
Jim's Plumbing Now,Carrollton,Texas,TX,75006,Plumber,Plumber,"Plumber, Contractor, Drainage service, Hot water system supplier",OPERATIONAL,+19724781082,https://www.jimsplumbingnow.com/%3Futm_source%3Dgoogle%26utm_medium%3Dorganic%26utm_campaign%3DGMBListing-Carrollton-TX,"2418 Marsh Ln #106, Carrollton, TX 75006",true,true,true,false,false,manual_review,operational plumbing candidate without explicit emergency or 24/7 evidence,,ChIJDV3lLwAnTIYRHvtYqWqOvZg
Agave Plumbing Inc.,Dallas,Texas,TX,75212,Plumber,Plumber,Plumber,OPERATIONAL,+12146890496,https://agaveplumbing.com,"2772 W Commerce St, Dallas, TX 75212",true,true,true,false,false,manual_review,operational plumbing candidate without explicit emergency or 24/7 evidence,,ChIJK3P9MqObToYRTG_qYp9ULnk
Atlas Plumbing & Heating Co,Dallas,Texas,TX,75229,Plumber,Plumber,Plumber,OPERATIONAL,+19722438051,,"11311 Harry Hines Blvd ste 505, Dallas, TX 75229",true,true,false,false,false,manual_review,operational plumbing candidate without explicit emergency or 24/7 evidence,,ChIJu-5oHIknTIYRZQPttPdUX-A
Barbosa Plumbing & Air Conditioning,Dallas,Texas,TX,75220,Air conditioning repair service,Plumber,"Plumber, Air conditioning contractor, Bathroom remodeler, Drainage service, Furnace repair service, Heating contractor, HVAC contractor, Air conditioning repair service",OPERATIONAL,+19728468513,https://www.barbosamechanical.com/location/dallas/%3Futm_source%3Dgoogle%26utm_medium%3Dorganic%26utm_campaign%3Dgbp,"9810 Abernathy Ave, Dallas, TX 75220",true,true,true,false,false,manual_review,operational plumbing candidate without explicit emergency or 24/7 evidence,,ChIJU9OcOJ6dToYRNxXSmnyu4ic
"Cody & Sons Plumbing, Heating & Air",Dallas,Texas,TX,75208,HVAC contractor,Plumber,"Plumber, Air conditioning contractor, Air conditioning repair service, Furnace repair service, Heating contractor, Kitchen remodeler, HVAC contractor",OPERATIONAL,+14692003366,http://www.codyandsons.com,"209 W Clarendon Dr, Dallas, TX 75208",true,true,true,false,false,manual_review,operational plumbing candidate without explicit emergency or 24/7 evidence,,ChIJc2yzu_KZToYREYi_mlEkTdA
Nikki's Plumbing Company,Euless,Texas,TX,76039,Plumber,Plumber,Plumber,OPERATIONAL,+18178865512,https://www.nikkisplumbingcompany.com,"216 E Denton Dr, Euless, TX 76039",true,true,true,false,false,manual_review,operational plumbing candidate without explicit emergency or 24/7 evidence,,ChIJ5UlN3DCfToYRyrBEg5YlQFo
texas service plumbing,Farmers Branch,Texas,TX,75234,Plumber,Plumber,Plumber,OPERATIONAL,+12145249869,http://www.texasserviceplumbing.com,"3071 Longmeade Dr, Farmers Branch, TX 75234",true,true,true,false,false,manual_review,operational plumbing candidate without explicit emergency or 24/7 evidence,,ChIJpZaoACsnTIYRog3bpkQA9X8
Legacy Plumbing,Frisco,Texas,TX,75034,Plumber,Plumber,"Plumber, Contractor, Drainage service, Electrician, Gasfitter, Hot water system supplier",OPERATIONAL,+19727072184,https://legacyplumbing.net/frisco-tx-plumber,"8765 Stockard Dr Ste 104, Frisco, TX 75034",true,true,true,false,false,manual_review,operational plumbing candidate without explicit emergency or 24/7 evidence,,ChIJTWd_HzU7TIYRFESzhM2h5P0
Delta 1 Plumbing,Grand Prairie,Texas,TX,75050,Plumber,Plumber,Plumber,OPERATIONAL,+19722633002,http://delta1plumbing.com,"2012 E Main St, Grand Prairie, TX 75050",true,true,true,false,false,manual_review,operational plumbing candidate without explicit emergency or 24/7 evidence,,ChIJo88E2rKFToYRlaWwoMgGfso
All Complete Plumbing LLC,Hurst,Texas,TX,76053,Plumber,Plumber,Plumber,OPERATIONAL,+18172852800,http://www.allcompleteplumbing.com,"149 W Hurst Blvd, Hurst, TX 76053",true,true,true,false,false,manual_review,operational plumbing candidate without explicit emergency or 24/7 evidence,,ChIJX2U1Vch-ToYRsQES03NTv7c
.plumberirvingtexas.,Irving,Texas,TX,75063,Home help,Home help,Home help,OPERATIONAL,+14699090161,https://plumberirvingtexas.com,"8302 Esters Blvd, Irving, TX 75063",true,true,true,false,false,manual_review,operational plumbing candidate without explicit emergency or 24/7 evidence,,ChIJWyi8TDcrTIYRUHSgQOMTDwk
Environmental Plumbing Solutions,Irving,Texas,TX,75061,Plumber,Plumber,Plumber,OPERATIONAL,+19725547675,https://epsdfw.com,"1320 Ford St, Irving, TX 75061",true,true,true,false,false,manual_review,operational plumbing candidate without explicit emergency or 24/7 evidence,,ChIJq_EB_9CcToYRSwmJ8otciKE
Home Town Plumbing,Irving,Texas,TX,75060,Plumber,Plumber,Plumber,OPERATIONAL,+19727908449,https://www.hometownplumbingirving.com/contact-our-plumber.html,"317 Knob Oak Ct, Irving, TX 75060",true,true,true,false,false,manual_review,operational plumbing candidate without explicit emergency or 24/7 evidence,,ChIJ0zDWY-aDToYRbNPJib85T8I
Irving Water Heater Repair,Irving,Texas,TX,75062,Heating contractor,Heating contractor,Heating contractor,OPERATIONAL,+19726460907,http://irvingwaterheaterrepair.com,"3634 Irving Mall, Irving, TX 75062",true,true,true,false,false,manual_review,operational plumbing candidate without explicit emergency or 24/7 evidence,,ChIJC7xIXi2CToYRXaNPRTSl3_c
irving waterheatering,Irving,Texas,TX,75062,Plumber,Plumber,Plumber,OPERATIONAL,+19452922308,https://irvingwaterheaters.com,"3535 N Belt Line Rd, Irving, TX 75062",true,true,true,false,false,manual_review,operational plumbing candidate without explicit emergency or 24/7 evidence,,ChIJ86oxBEUTL4oRubcGniC7krk
John Klassen LLC,Irving,Texas,TX,75060,Plumber,Plumber,Plumber,OPERATIONAL,+19722599600,,"118 S Main St, Irving, TX 75060",true,true,false,false,false,manual_review,operational plumbing candidate without explicit emergency or 24/7 evidence,,ChIJ86HX1WuDToYRWv09VfbUviU
Just For You Plumbing and Heating,Irving,Texas,TX,75039,Plumber,Plumber,Plumber,OPERATIONAL,+19729280102,https://justforyouplumbers.com/irving-tx,"6565 N MacArthur Blvd #406, Irving, TX 75039",true,true,true,false,false,manual_review,operational plumbing candidate without explicit emergency or 24/7 evidence,,ChIJNThPsYopTIYRcWWwfLTYJnA
Pipe Dream Maintenance,Irving,Texas,TX,75063,Plumber,Plumber,Plumber,OPERATIONAL,+18172210543,http://plumbersirvingtx.com,"1635 Market Pl Blvd, Irving, TX 75063",true,true,true,false,false,manual_review,operational plumbing candidate without explicit emergency or 24/7 evidence,,ChIJg4vCLgIpTIYRP79PkuSAzs0
Ron's Irving Plumbing,Irving,Texas,TX,75061,Plumber,Plumber,"Plumber, Air conditioning contractor, Electrician, HVAC contractor",OPERATIONAL,+19723992022,https://www.ronsirvingservice.com,"2126 Parkside Ave, Irving, TX 75061",true,true,true,false,false,manual_review,operational plumbing candidate without explicit emergency or 24/7 evidence,,ChIJcdTwP5iDToYRUl2myJkfAsQ
RWD Services LLC,Irving,Texas,TX,75062,Plumber,Plumber,Plumber,OPERATIONAL,+19408723878,https://slableakdetectionirving.com,"1002 Sam Hill St, Irving, TX 75062",true,true,true,false,false,manual_review,operational plumbing candidate without explicit emergency or 24/7 evidence,,ChIJTf832msrTIYRwFV7HfAuGfs
S & T Plumbing,Irving,Texas,TX,75060,Plumber,Plumber,Plumber,OPERATIONAL,+19722595286,http://www.stplumbing.com,"804 W Shady Grove Rd, Irving, TX 75060",true,true,true,false,false,manual_review,operational plumbing candidate without explicit emergency or 24/7 evidence,,ChIJ5zDMe3yDToYRiPdwPRU61bo
The Pipe Doctor,Irving,Texas,TX,75061,Plumber,Plumber,Plumber,OPERATIONAL,+19726569672,http://plumbingserviceirving.com,"1001 Union Bower Ct, Irving, TX 75061",true,true,true,false,false,manual_review,operational plumbing candidate without explicit emergency or 24/7 evidence,,ChIJASAb0ByDToYRo95hZFWk5V8
Thomson Plumbing Service,Irving,Texas,TX,75062,Plumber,Plumber,Plumber,OPERATIONAL,+19725036340,http://irvingplumbingtx.com,"3840 Valley View Ln, Irving, TX 75062",true,true,true,false,false,manual_review,operational plumbing candidate without explicit emergency or 24/7 evidence,,ChIJrYj4ADuBToYRbxcmBOibXcw
All Metroplex Plumbing,Lewisville,Texas,TX,75067,Plumber,Plumber,Plumber,OPERATIONAL,+12147179911,http://allmetroplexplumbing.com,"2038 Devin Ln, Lewisville, TX 75067",true,true,true,false,false,manual_review,operational plumbing candidate without explicit emergency or 24/7 evidence,,ChIJv4AdqoguTIYR5yxvp3u37WA
Schrader Plumbing,North Richland Hills,Texas,TX,76180,Plumber,Plumber,Plumber,OPERATIONAL,+18172620989,https://www.schraderplumbing.com,"5520 Davis Blvd, North Richland Hills, TX 76180",true,true,true,false,false,manual_review,operational plumbing candidate without explicit emergency or 24/7 evidence,,ChIJf6ba2pF_ToYRO0yhu_thTSY
The Plumbing Pros,Richardson,Texas,TX,75081,Plumber,Plumber,Plumber,OPERATIONAL,+19728460010,https://theplumbingpros.com,"1819 Firman Dr Ste 123, Richardson, TX 75081",true,true,true,false,false,manual_review,operational plumbing candidate without explicit emergency or 24/7 evidence,,ChIJEzu3Ik0fTIYR89uWFafMm04