citySlugFile,citySlug,name,phone,category,is24Hours,id,website,postalCode
allston.json,allston,Donners Mechanical Inc.,+1 617-787-1919,Plumber,true,ChIJwQbVgdp544kRQXp1WbPaad4,http://www.donnersmechanical.com/,2134
apache-junction.json,apache-junction,1UP PLUMBING,+1 602-558-1363,Plumber,false,ChIJK4V4oQuesywRDTOYLyLrYl0,https://www.1upplumbingaz.com/,85120
apache-junction.json,apache-junction,Rescue Plumbing Services,+1 480-286-5372,Plumber,false,ChIJc0Ul7ek1tE4R69YhPWdWRQc,https://www.rescueplumbingservicesaz.com/,85119
arlington.json,arlington,Mouradian Plumbing & Heating,+1 781-790-3890,Plumber,false,ChIJE84fsUd244kRiIvk_SW-w-0,https://www.mouradianplumbingheating.com/,2476
arlington.json,arlington,ABC Plumbing Drain Sewer Cleaning,+1 781-641-3823,Plumber,true,ChIJVVVVVVx244kRlbMjrov0ymU,http://www.abcplumbinganddraincleaning.com/,2474
arlington.json,arlington,"Ernie's Plumbing Service, Inc.",+1 888-802-0005,Plumber,false,ChIJ_____28mTIYRzOp4tys-Ok4,https://www.erniesplumbing.com/,76013
arlington.json,arlington,"Baker Brothers Plumbing, Air & Electric",+1 817-595-0116,Plumber,true,ChIJQ3S5VhJjToYRgSCbgHnXFwU,https://bakerbrothersplumbing.com/arlington-tx/%3Futm_campaign%3Dgmb_bk-arl_home_all_arlington%26utm_medium%3Dgmb%26utm_source%3Dgoogle,76001
belmont.json,belmont,"Freiner Company, Inc.",+1 617-484-4404,Plumber,false,ChIJSYAo77p344kRBoUD342xGN0,http://www.freiner.com/,2478
bonita.json,bonita,Right Plumbing & Drain,+1 619-348-6249,Plumber,true,ChIJoWCBwvpP2YAR8JlM4e0YNQk,,91902
bonita.json,bonita,Hec's Plumbing & Construction,+1 619-946-7378,Plumber,false,ChIJsYZ29PFP2YARL2LHsigjC9o,,91902
boston.json,boston,Roto-Rooter Plumbing & Water Cleanup,+1 617-279-0554,Plumber,true,ChIJZyUJCoNw44kRp0t6PpOhKtA,https://www.rotorooter.com/boston/%3Futm_source%3DGoogle%26utm_medium%3Dorganic%26utm_campaign%3Dgmb%26utm_content%3Dwebsite,2110
boston.json,boston,Horvitz Plumbing & Heating,+1 617-789-0151,Plumber,true,ChIJY-gbpIt744kR11Wz1qIh2-8,http://horvitzplumbingandheatingcoma.hibuwebsites.com/,2122
boston.json,boston,Primetime Boston Plumbers,+1 617-936-8955,Plumber,false,ChIJAfqaIf6B1mYRHZkvHvy0ZCI,,2108
boston.json,boston,Excel Plumbing and heating,+1 617-913-3524,Plumber,false,ChIJNZQNQAV744kR72ep4oA3pR0,http://www.excelphboston.com/,2124
boston.json,boston,Reservoir Home,+1 617-249-3048,Plumber,false,ChIJzUFBv4xx44kROdi7WNG1Cdw,https://reservoirhome.com/,2129
boston.json,boston,"I&C MECHANICAL , INC. - Plumbing, Heating and Air Conditioning",+1 617-908-5780,Plumber,true,ChIJETWo0dt544kRm1v16fHaQJY,https://www.icmechanicalservices.com/,2134
boston.json,boston,Colantuno & Son Plumbing,+1 617-272-5631,Plumber,false,ChIJxWEDhz1_44kRCKkewML23Ng,,2132
boston.json,boston,Croft Plumbing Services,+1 617-446-7664,Plumber,true,ChIJnT4tqjt644kRqLHYxX7gw-A,https://croftplumbingservices.com/,2119
boston.json,boston,Narrow Way Plumbing & Heating,+1 617-436-5229,Plumber,false,ChIJiRFzR_F744kREBVdRjb9sUY,http://narrowway.com/,2124
braintree.json,braintree,HL Bowman Inc Plumbing Heating & AC,+1 617-207-7075,HVAC contractor,true,ChIJ5wijtCKD44kRvuyCwXa1_wE,https://hlbowman.com/locations/boston-ma/%3Futm_source%3Dgoogle%2Bbusiness%2Blisting%26utm_medium%3Dorganic%26utm_campaign%3Dclick%2Bto%2Bwebsite%26utm_content%3Dbraintree%2Bma,2184
brookline.json,brookline,Avantel Plumber of Boston MA,+1 857-491-4570,Plumber,true,ChIJ3RjdWG9jWIsR0J-1G6Y_CPs,https://bostonplumber.avantel.net/,2446
cambridge.json,cambridge,The Drain Guy,+1 617-591-1199,Plumber,true,ChIJ1wEoZbFw44kR6FDU4JtG4y8,http://thedrainguy.com/,2141
cambridge.json,cambridge,"Minuteman Plumbing, Heating & Cooling",+1 617-999-3249,Plumber,false,ChIJH8DummWT5UwRF0jBpLzUbvI,https://minutemanplumbing.com/,2138
cambridge.json,cambridge,Royal Plumber Cambridge,+1 339-329-8721,Plumber,false,ChIJezSsgNMWmoYRtlAugK_k3PY,,2140
carol-city.json,carol-city,SOS 24/7 Plumbing Corp | Plomero | Plomeros,+1 786-487-2540,Plumber,true,ChIJ81D0jGml2YgRoSJXPZI0_Zw,https://www.sos247plumbingcorp.com/,33055
carrollton.json,carrollton,Plumbing Dynamics,+1 214-929-3431,Plumber,true,ChIJY75ohJsvTIYRlBsUmhPB-vY,https://plumbingdynamicsdallas.com/,75007
carrollton.json,carrollton,Jim's Plumbing Now,+1 972-478-1082,Plumber,false,ChIJDV3lLwAnTIYRHvtYqWqOvZg,https://www.jimsplumbingnow.com/%3Futm_source%3Dgoogle%26utm_medium%3Dorganic%26utm_campaign%3DGMBListing-Carrollton-TX,75006
carrollton.json,carrollton,"Carrollton Plumbing Service, Inc.",+1 972-820-0565,Plumber,false,ChIJt7uFT9klTIYRtNnnEV2EWzM,https://www.carrolltonplumbingservice.com/%3Futm_source%3Dgoogle_business_profile%26utm_medium%3Dorganic,75007
carrollton.json,carrollton,Cole's Plumbing,+1 972-210-9033,Plumber,false,ChIJqYFXlps7TIYRlj0i-xoLFDo,https://colesplumbingdallas.com/,75006
carrollton.json,carrollton,"Cathedral Plumbing of Texas, LLC",+1 972-446-2500,Plumber,false,ChIJXeVHbFcvTIYRlFvo1-AZ_Dw,https://www.cathedralplumbingtx.com/%3Futm_source%3Dgoogle%26utm_medium%3Dgmb%26utm_campaign%3Dlocal,75007
cedar-hill.json,cedar-hill,"Dial One Johnson Plumbing, Cooling & Heating",+1 469-256-7828,HVAC contractor,true,ChIJidTN4L6NToYRnbFkRJQwrOk,https://dial1plumbing.com/cedar-hill/,75104
chandler.json,chandler,"EZ Flow Plumbing, LLC",+1 602-613-4525,Plumber,false,ChIJe9KtWfmsK4cRqrObzUx7nIU,https://www.ezflowplumbingaz.com/,85225
chandler.json,chandler,Plumbers Near Me - Water Heater & Plumbing Services,+1 480-674-5931,Plumber,false,ChIJRTIEt5-rK4cRB5JyYybUU0A,https://plumbersnearme.services/service-areas/chandler-plumbing-services/,85225
chandler.json,chandler,"Ground Zero Plumbing, AC and Electrical - Chandler",+1 480-448-0603,Plumber,true,ChIJfQ83x7apK4cRY8ozF0FkbMs,https://www.groundzeroplumbingac.com/,85226
charlestown.json,charlestown,A.F. Ventolieri Plumbing & Heating LLC,+1 617-293-4253,Plumber,false,ChIJU-sWSGl644kRYr6SYpWatRE,https://clienthub.getjobber.com/client_hubs/a9690761-8aeb-4671-8fcc-b26ab0c88a14/public/work_request/new%3Fsource%3Dsocial_media,2129
chelsea.json,chelsea,Drew Donarumo Plumbing and Heating,+1 617-293-6801,Plumber,false,ChIJRa0aULhx44kRIvB0tmqgwM8,https://www.drewdonarumoplumbing.net/,2150
chula-vista.json,chula-vista,Coastal Rooter - Plumbing Chula Vista,+1 760-893-9152,Plumber,true,ChIJBUtcNm5O2YARIDt-niANzz8,https://coastalrooterca.com/chula-vista/,91911
chula-vista.json,chula-vista,Agape Plumbing Service,+1 619-513-6149,Plumber,true,ChIJEU9vuqHSwoAR7HimiJlfqrg,https://agapeplumbingservice.com/,91910
chula-vista.json,chula-vista,Primo Plumbing,+1 619-691-6829,Plumber,false,ChIJw4TRVn9O2YAR0MwIo46oIJg,https://primo4plumbing.com/,91911
chula-vista.json,chula-vista,M & M - Chula Vista Plumbing,+1 619-517-0279,Plumber,false,ChIJc4FJnJNO2YARXm6KSzqNP8Q,https://mandmplumbingpro.com/,91911
chula-vista.json,chula-vista,Precision Chula Vista Plumbing Services,+1 858-224-8364,Plumber,true,ChIJF_-RjA1P2YARmllk4L5tfKk,http://precisionchulavistaplumbingservices.com/,91913
chula-vista.json,chula-vista,Roto-Rooter Plumbing & Water Cleanup of Chula Vista,+1 619-902-4677,Plumber,true,ChIJeRxXvQNN2YARpF6vOYBTf6k,https://www.rotorooter.com/chulavistaca/%3Futm_source%3DGoogle%26utm_medium%3Dorganic%26utm_campaign%3Dgmb%26utm_content%3Dwebsite,91910
chula-vista.json,chula-vista,Solid Plumbing & Drains Inc,+1 619-597-2566,Plumber,true,ChIJ5zXRRMRF2YAR_DJZWWNwa7c,https://solidplumbingdrains.com/san-diego-county/chula-vista/,91911
chula-vista.json,chula-vista,Chula Vista Plumbing Experts,+1 619-272-9819,Plumber,true,ChIJHSQg2kdN2YARF4jvVhNLAOo,http://chulavistaplumbingexperts.com/,91910
chula-vista.json,chula-vista,Direct Plumbers Chula Vista,+1 619-325-6009,Plumber,false,ChIJxcn7o-uUOYMR6AhScjcPrpE,https://directplumberschulavista.com/,91910
chula-vista.json,chula-vista,Blue Planet Drains & Plumbing Inc.,+1 619-863-9593,Plumber,false,ChIJLXnhsBVF2YARmJk_6CKekkE,http://www.plumbersinsandiego.com/,91911
chula-vista.json,chula-vista,"Fuller's Plumbing , Inc.",+1 619-427-0220,Plumber,false,ChIJN_6Ol3xO2YAR4ozS8ZUgClE,https://fullersplumbing.com/,91911
chula-vista.json,chula-vista,We Fix Plumbing,+1 619-936-7471,Plumber,true,ChIJi-i7JdlN2YARohL0VQaTyEM,http://www.wefixplumbingsd.com/,91910
chula-vista.json,chula-vista,Xpress Drains & Plumbing,+1 619-815-1097,Plumber,true,ChIJPbjXVrlT2YARGlpk-QjtoDk,http://www.xpressdp.com/,91910
chula-vista.json,chula-vista,Straightline Plumbing,+1 619-268-1698,Plumber,true,ChIJtfa5NL1T2YARjbMEPBYcbwU,http://www.straightlinesd.com/,91910
chula-vista.json,chula-vista,DrainHelp,+1 888-611-2302,Plumber,true,ChIJM9dW-3BP2YARzQ9YrrsEyhw,,91911
chula-vista.json,chula-vista,Coverall Plumbing,+1 619-568-0703,Plumber,true,ChIJkfX221W4swARMBR6f0L2mCg,http://www.coverallplumbingsd.com/,91910
chula-vista.json,chula-vista,San Diego Emergency Plumbing & Leak Detection,+1 866-966-5325,Plumber,true,ChIJ9XOfKvVP2YARZeQMPpfzheI,https://www.sandiegoemergencyplumbing.com/chula-vista-plumbers/,91911
chula-vista.json,chula-vista,Alpha San Diego Services,+1 877-280-6552,Plumber,true,ChIJeRxd320nF2wRiCboCLuyxgs,,91910
chula-vista.json,chula-vista,Ace Rooter Plumbing and Drain Services,+1 619-392-7536,Plumber,false,ChIJoR1XMwFO2YARKxXgoqg5Z08,http://www.acerooterplumbing.com/,91910
chula-vista.json,chula-vista,Fix Plumbing & Drains,+1 619-476-1974,Plumber,false,ChIJAQBwPsBO2YARyiWtYArVsQA,http://www.fixplumbing.com/,91911
chula-vista.json,chula-vista,DR HOUSE INC,+1 858-703-7536,Plumber,true,ChIJX_NuwpdF2YARP4TCTzvPpCQ,https://drhousecontractors.com/,91915
chula-vista.json,chula-vista,Extreme Plumbing & Drain Chula Vista,+1 619-324-0166,Plumber,true,ChIJd2JeVwdO2YARzZev7uxZZME,,91910
chula-vista.json,chula-vista,Ameri-Mex Plumbing Incorporated,+1 619-422-8996,Plumber,false,ChIJX-Y2N1NN2YAR11HoH-rYXcQ,https://amerimexpl.com/,91911
chula-vista.json,chula-vista,BPI Plumbing,+1 619-429-9066,Plumber,false,ChIJJ1GfXZtF2YARgW5_OQPKob4,http://www.bpiplumbing.com/,91911
chula-vista.json,chula-vista,Bluefin Plumbing Inc.,+1 619-332-6465,Plumber,true,ChIJFQ8U3hxN2YAR1LgqKpfpxVQ,http://www.bluefinplumbing.com/,91910
chula-vista.json,chula-vista,EB Construction & Plumbing Services,+1 619-622-2126,Plumber,true,ChIJUeTPpgVP2YARqhtkCtevdcw,,91911
chula-vista.json,chula-vista,Home Services at The Home Depot,+1 844-476-2140,General contractor,false,ChIJXw0Q1bRP2YARrqXKE7-no04,https://www.homedepot.com/l/Chula-Vista/CA/Chula-Vista/91910/658/services%3Femt%3DHSGoogleMaps,91910
coppell.json,coppell,Palomino Plumbing,+1 469-271-5217,Plumber,true,ChIJDY0KgMqrwYcRZ2BeQlDwrnk,https://www.callpalomino.com/,75019
coral-gables.json,coral-gables,Coral Gables Plumbers,+1 305-600-5510,Plumber,false,ChIJv4clHhnI2YgRkgSiO8hoxro,http://www.coralgablesplumbers.com/,33133
dallas.json,dallas,All Masters Plumbing,+1 214-396-0270,Plumber,true,ChIJywf2ohQrTIYR696w_EaEXpM,https://allmastersplumbing.com/%3Futm_source%3Dgoogle%26utm_medium%3Dorganic%26utm_campaign%3DAMP_GMB_Dallas,75229
dallas.json,dallas,Barbosa Plumbing & Air Conditioning,+1 972-846-8513,Air conditioning repair service,false,ChIJU9OcOJ6dToYRNxXSmnyu4ic,https://www.barbosamechanical.com/location/dallas/%3Futm_source%3Dgoogle%26utm_medium%3Dorganic%26utm_campaign%3Dgbp,75220
dallas.json,dallas,"Cody & Sons Plumbing, Heating & Air",+1 469-200-3366,HVAC contractor,false,ChIJc2yzu_KZToYREYi_mlEkTdA,http://www.codyandsons.com/,75208
dallas.json,dallas,Public Service Plumbers,+1 214-831-1959,Plumber,true,ChIJ-xSG3QyfToYRodv_wJH8ooQ,https://publicserviceplumbers.com/%3Futm_source%3Dgoogle-gbp%26utm_medium%3Dorganic%26utm_campaign%3D*163*public-service-plumbers-dallas,75206
dallas.json,dallas,Reeves Family Plumbing,+1 972-247-3763,Plumber,true,ChIJ8byU4rYnTIYR1NxcA-AB9IQ,https://www.reevesfamilyplumbing.com/,75234
dallas.json,dallas,"Milestone Electric, A/C, & Plumbing",+1 214-717-6708,Plumber,true,ChIJac42-6UdTIYR-syswXc9TR4,https://callmilestone.com/dallas/plumbing/,75229
dallas.json,dallas,Metro Flow Plumbing - Dallas Emergency Plumbers,+1 214-328-7371,Plumber,true,ChIJG9daKcOjToYRQlVWdwkgGsk,https://metroflowplumbing.com/,75228
dallas.json,dallas,"Mother Modern Plumbing, Sewer & Drain",+1 469-206-9515,Plumber,true,ChIJ-8Y7wuSfToYRg2g2QR6W1uk,https://callmother.com/,75206
dallas.json,dallas,"Dial One Johnson Plumbing, Cooling & Heating",+1 469-723-6067,HVAC contractor,true,ChIJN20-fT-aToYR86yg4At9HqQ,https://dial1plumbing.com/dallas/,75208
dallas.json,dallas,Atlas Plumbing & Heating Co,+1 972-243-8051,Plumber,false,ChIJu-5oHIknTIYRZQPttPdUX-A,,75229
dallas.json,dallas,"Harlen Johnson HVAC, Plumbing & Electrical",+1 972-241-7771,HVAC contractor,true,ChIJ-_s7V48nTIYRxvtuWZVlHTg,https://hjac.com/%3Futm_campaign%3Dgmb,75229
dallas.json,dallas,Agave Plumbing Inc.,+1 214-689-0496,Plumber,false,ChIJK3P9MqObToYRTG_qYp9ULnk,https://agaveplumbing.com/,75212
dallas.json,dallas,Roto-Rooter Plumbing & Water Cleanup,+1 972-822-2200,Plumber,true,ChIJpWTqFeqjToYR8-B0jktW2bs,https://www.rotorooter.com/dallas/%3Futm_source%3DGoogle%26utm_medium%3Dorganic%26utm_campaign%3Dgmb%26utm_content%3Dwebsite,75202
dedham.json,dedham,Plumbing Solutions,+1 781-326-6004,Plumber,true,ChIJ__HNSLB_44kRX_BI59RxALA,https://www.plumbing-solutions-inc.com/,2026
doral.json,doral,"Lion Plumbing, Inc.",+1 305-597-4555,Plumber,true,ChIJ2ynccbG-2YgRE_EtOd82caA,https://www.lionplumbinginc.com/,33172
doral.json,doral,Roto-Rooter Plumbing & Water Cleanup,+1 305-521-0281,Plumber,true,ChIJCXAa1HS52YgR5NXYmIGz7aI,https://www.rotorooter.com/doralfl/%3Futm_source%3DGoogle%26utm_medium%3Dorganic%26utm_campaign%3Dgmb%26utm_content%3Dwebsite,33126
dorchester.json,dorchester,Gomes Plumbing Heating & Cooling,+1 617-818-7601,Plumber,false,ChIJo3oGILB744kRT5Jnyt6gcrs,http://www.gomesplumbingheatingandcooling.com/,2122
dorchester.json,dorchester,Affordable Drain Flow - 24 hour emergency service,+1 617-420-7045,Fontanero,true,ChIJt8PokGd744kROtaZNR1rF24,http://affordabledrainflowinc.com/,2122
dorchester.json,dorchester,R T Ford Plumbing & Co,+1 617-436-0353,Plumber,false,ChIJr1Bo0HZ744kR16jwk8ryUlg,http://www.neponset.org/,2122
euless.json,euless,Nikki's Plumbing Company,+1 817-886-5512,Plumber,false,ChIJ5UlN3DCfToYRyrBEg5YlQFo,https://www.nikkisplumbingcompany.com/,76039
euless.json,euless,Woodie Woods Plumbing,+1 817-923-5248,Plumber,true,ChIJOf1S9v9xToYRQ_Gk6jI68Wk,http://www.woodiewoods.com/,76040
euless.json,euless,Plumbing Spring Valley TX,+234 2818 49 8236,Plumber,false,ChIJq6oWdEOAToYRYir10TOfYBM,http://plumbingspringvalleytx.com/,76039
farmers-branch.json,farmers-branch,My Local Plumber Water Heater Repairs and Leak Detection,+1 972-576-9654,Plumber,true,ChIJ_fuDgb0mTIYRKcB1UXaDryM,https://mylocalplumber.net/%3Futm_source%3Dgoogle%26utm_medium%3Dorganic%26utm_campaign%3Dgbp-farmers-branch,75234
farmers-branch.json,farmers-branch,Mr. Rooter Plumbing of Farmers Branch,+1 972-254-5600,Plumber,true,ChIJdYFj0NQgTIYRncS2WzBa8KU,https://www.mrrooterdallas.com/plumber-farmers-branch-tx-plumbing-repair-service,75244
farmers-branch.json,farmers-branch,texas service plumbing,+1 214-524-9869,Plumber,false,ChIJpZaoACsnTIYRog3bpkQA9X8,http://www.texasserviceplumbing.com/,75234
florida-city.json,florida-city,MIAMI SERVICE PLUMBERS | Plumbers In Homestead,+1 305-440-1734,Plumber,true,ChIJF7AySNzn2YgR_WmiIFEQb6I,https://miamiserviceplumbers.com/,33034
flower-mound.json,flower-mound,Live Oak Plumbing Company,+1 469-447-8247,Plumber,true,ChIJ3Vy1nJ_rkA8RqStK4ImX_LI,http://liveoakplumbingcompany.com/,75022
fort-lauderdale.json,fort-lauderdale,4 Star Plumbing Services,+1 954-776-9888,Plumber,true,ChIJ_f8oHMgD2YgRf69UbEeAnCA,https://www.4starplumbing.com/%3Futm_source%3Dgoogle%26utm_medium%3Dorganic%26utm_campaign%3Dgmb,33309
fort-worth-tx.json,fort-worth-tx,Blue Diamond Plumbing of Texas(Plumber near you),+1 817-852-9498,Plumber,true,ChIJbS3LX2XZTYYRXtNwXDTMUoE,http://callaplumbertx.com/,76137
fort-worth-tx.json,fort-worth-tx,Larry Stinson Plumbing & Water Heater Repair,+1 817-508-2631,Plumber,true,ChIJ3-61gs5rToYRV-jn-AM5Ejo,https://larrystinsonplumbing.com/%3Futm_source%3Dgoogle%26utm_medium%3Dorganic%26utm_campaign%3Dgbp_fort_worth,76118
fort-worth-tx.json,fort-worth-tx,Rockwater Plumbing of Fort Worth,+1 817-646-0254,Plumber,true,ChIJdVNds0lzToYRGAH_r8hNj7M,https://www.callrockwaterplumbing.com/,76109
fort-worth-tx.json,fort-worth-tx,Hukill's Inc.,+1 817-672-7555,Plumber,true,ChIJX3V6fXwNToYRyN08cn9fy-E,https://www.hukills.com/,76116
fort-worth-tx.json,fort-worth-tx,"Benjamin Franklin Plumbing, Water Heaters, & Drain Cleaning",+1 817-562-7507,Plumber,true,ChIJXZ04dTl6ToYR8zd1SJaE90A,https://benjaminfranklinplumbingfortworth.com/fort-worth-tx/%3Futm_source%3Dgoogle%26utm_medium%3Dorganic%26utm_campaign%3Dgmb-fort-worth-tx,76102
fort-worth-tx.json,fort-worth-tx,ClearWater Plumbers,+1 817-904-3381,Plumber,false,ChIJGa_3bPffTYYRK_KrDy8BuF8,https://www.clearwaterplumber.com/%3Futm_source%3DGBP%26utm_medium%3Dorganic,76179
fort-worth-tx.json,fort-worth-tx,Mr. Rooter Plumbing of Fort Worth,+1 817-441-6758,Plumber,true,ChIJdbWAELR5ToYR7wB8pXeyDlE,https://www.mrrooterdfw.com/,76104
fort-worth-tx.json,fort-worth-tx,Joyner Plumbing,+1 817-923-7150,Plumber,false,ChIJA3VUsoptToYRHT6vRXuMfGE,http://www.joynerplumbing.net/,76133
fort-worth-tx.json,fort-worth-tx,Fort Worth Rescue and Restore Plumbing LLC,+1 817-691-9249,Plumber,false,ChIJ8djyFZUTToYRD_9_ufQRXA0,http://www.rescuefortworth.com/,76126
fort-worth-tx.json,fort-worth-tx,Service Squad Plumbing,+1 817-435-2577,Plumber,false,ChIJZ7xWzTENToYRRhSAZ-fuuz0,https://servicesquad.com/locations/fort-worth-tx-plumbing/%3Futm_source%3Dgoogle%26utm_medium%3Dorganic%26utm_campaign%3Dgbp%26utm_content%3Ddfw,76116
fort-worth-tx.json,fort-worth-tx,Leak Geeks Plumbing,+1 817-431-8929,Plumber,false,ChIJD41sdF7XTYYRm5Ykr5pk6no,https://www.leakgeeks.com/%3Futm_source%3Dlocalfx%26utm_medium%3Dorganic%26utm_campaign%3Dlocalfx%26utm_content%3Dfort-worth,76244
fort-worth-tx.json,fort-worth-tx,"Team Enoch: Electric, Plumbing, Air, Roofing",+1 817-783-4343,Plumber,true,ChIJezAovP9tToYRccKDFA-n-nY,https://teamenoch.com/plumber-fort-worth-tx/,76115
fort-worth-tx.json,fort-worth-tx,"Mother Modern Plumbing, Sewer & Drain",+1 817-380-9662,Plumber,true,ChIJJz5ny_dbnq0RT3sreiW_JZQ,https://www.callmother.com/locations/fort-worth,76137
fort-worth-tx.json,fort-worth-tx,"S.W.A.T Plumbing - Fort Worth, TX",+1 817-244-4370,Plumber,true,ChIJdfxYXo4NToYRKTQCNXplxQ4,https://www.swatplumbing.com/%3Futm_source%3Dgoogle%26utm_medium%3Dorganic%26utm_campaign%3Dfort_worth_gbp,76116
fort-worth-tx.json,fort-worth-tx,Roto-Rooter Plumbing & Water Cleanup,+1 817-336-5708,Plumber,true,ChIJeTdUg7RwToYR9U70F-JkKRc,https://www.rotorooter.com/ftworthtx/%3Futm_source%3DGoogle%26utm_medium%3Dorganic%26utm_campaign%3Dgmb%26utm_content%3Dwebsite,76117
fort-worth-tx.json,fort-worth-tx,Plumber 24 Fort Worth,+1 817-755-5621,Plumber,false,ChIJL5B3fdN3ToYRbEFwPiTMuyE,https://plumber24fortworth.site/,76111
fort-worth-tx.json,fort-worth-tx,ABC Plumbing,+1 817-427-3222,Plumber,true,ChIJB_E95hx4ToYR9RkxnbPO7To,https://www.abcplumbingtx.com/,76148
fort-worth-tx.json,fort-worth-tx,Panther City Plumbing,+1 817-993-9727,Plumber,false,ChIJXTtc2iWESyQR7rDirTFZ5R0,http://panthercityplumbing.com/,76244
fort-worth-tx.json,fort-worth-tx,Molberg Plumbing,+1 817-476-9963,Plumber,false,ChIJq6q-NRd6ToYRmrPVFUTDXBc,https://www.molbergplumbing.com/,76108
fort-worth-tx.json,fort-worth-tx,Service Company Plumbing,+1 817-239-6693,Plumber,false,ChIJTV2xsklxToYRm5hhv_BbGbA,http://servicecompanyplumbing.com/,76104
fort-worth-tx.json,fort-worth-tx,North Texas Plumbing Solutions LLC,+1 817-733-1015,Plumber,true,ChIJ_0s3ZzjlTYYRmxUt0NlSJNU,https://ntpsplumbing.com/,76109
fort-worth-tx.json,fort-worth-tx,Westside Plumbing,+1 817-560-4144,Plumber,true,ChIJWbOs5fEMToYR5wKnjczD-zs,https://www.westfortworthplumbing.com/%3Futm_source%3Dgoogle%26utm_medium%3Dorganic%26utm_campaign%3Dgmb-listing,76116
fort-worth-tx.json,fort-worth-tx,Lone Star Plumbing & Water,+1 817-633-3333,Plumber,false,ChIJ6Xeyij6HToYRq9pZpvkaOls,,76110
fort-worth-tx.json,fort-worth-tx,Master Repair Plumbing,+1 817-338-0000,Plumber,true,ChIJkbsMkttwToYRBCQFWpJUwSk,https://www.masterrepairplumbing.com/,76111
fort-worth-tx.json,fort-worth-tx,Plumb Shield Plumbing,+1 817-773-7966,Plumber,true,ChIJYWldUooNToYRgbZYYYuMf6I,https://www.plumbshieldplumbingllc.com/,76244
fort-worth-tx.json,fort-worth-tx,"Hat Plumbing, Heating & Air",+1 817-405-4575,Plumber,true,ChIJi4-Yf5VsTksREFyqLKSN_4k,https://www.hatplumbingheatingandair.com/,76118
fort-worth-tx.json,fort-worth-tx,Kenny's Plumbing,+1 817-926-5367,Plumber,false,ChIJV2VLg8BxToYRS4O0U1ge2ro,https://www.kennysplumbingfortworth.com/,76110
fort-worth-tx.json,fort-worth-tx,"Northwest Plumbing, Heating & AC",+1 817-232-1692,Plumber,false,ChIJGw8Wt_d1ToYRLpZ5z9OgMZA,https://www.nwplumbing.us/,76179
fort-worth-tx.json,fort-worth-tx,Trusted Plumbing and Leak Detection,+1 817-975-1184,Plumber,false,ChIJ7_wYHKHfTYYRzJC-YQR6ljU,https://www.trustedplumbingfw.com/,76131
fort-worth-tx.json,fort-worth-tx,Hawk Plumbing Heating & Air Conditioning,+1 817-236-8482,Plumber,true,ChIJ5zBYfOjfTYYR6-cjH0CDuw4,https://hawkphac.com/,76179
frisco.json,frisco,Legacy Plumbing,+1 972-707-2184,Plumber,false,ChIJTWd_HzU7TIYRFESzhM2h5P0,https://legacyplumbing.net/frisco-tx-plumber/,75034
gilbert.json,gilbert,Arid Valley Plumbing,+1 480-485-2994,Plumber,true,ChIJocc39MelK4cRAUO8wF67KUs,https://aridvalleyaz.com/plumber-in-gilbert-az/%3Futm_source%3Dgoogle%26utm_medium%3Dorganic%26utm_campaign%3Dgbp,85233
gilbert.json,gilbert,Travis & Sons Plumbing & Rooter,+1 480-837-9422,Plumber,true,ChIJ5aY2Fu2pK4cRiFnDM3eYUeI,https://www.travisandsonsplumbing.com/%3Futm_source%3Dgoogle%26utm_medium%3Dorganic%26utm_campaign%3Dgmb-gilbert%26utm_content%3Dlisting,85233
gilbert.json,gilbert,Gold Star Plumbing & Drain,+1 480-405-0922,Plumber,true,ChIJl57AEQGtK4cRAgsM6qOzgOk,https://goldstarplumbingaz.com/service-areas/gilbert-az-plumber/%3Futm_campaign%3Dgmb%26utm_medium%3Dorganic%26utm_source%3Dgoogle,85233
gilbert.json,gilbert,Second Opinion Plumbing,+1 480-448-1126,Plumber,false,ChIJpQMgiTSsK4cR32ClQHGSaaw,https://secondopinionplumbingaz.com/%3Futm_source%3DGMB%26utm_medium%3Dlocal,85234
gilbert.json,gilbert,Premier Plumbing And Rooter,+1 480-875-3855,Plumber,true,ChIJeRAMhJ8HIgIRWmj_QNPlMQs,https://premierplumbingandrooteraz.com/,85234
gilbert.json,gilbert,Cure All Plumbing,+1 480-895-5858,Plumber,true,ChIJ_____4-lK4cR-h44KtkLve0,https://www.cureallplumbing.com/%3Futm_source%3Dgmb%26utm_medium%3Dorganic%26utm_campaign%3Dgmb-listing,85233
gilbert.json,gilbert,Epic Plumbing,+1 480-834-1466,Plumber,true,ChIJIToOE06oK4cRa4rhMkTtnQg,http://www.epicplumbingaz.com/,85233
gilbert.json,gilbert,Anytime Home Services,+1 480-737-8273,Plumber,false,ChIJFcVpJj1LKocRlpZ9KDlu118,http://www.anytimehomeservice.com/,85233
gilbert.json,gilbert,Eagle Services,+1 480-659-4942,Plumber,true,ChIJx-MxgE-oK4cRuF6GGMS57BQ,http://eagleplumbing.net/,85233
gilbert.json,gilbert,1-Tom-Plumber,+1 480-712-9688,Plumber,false,ChIJVUWoadqpK4cR6kbzWCKEZoc,https://www.1tomplumber.com/east-valley-phoenix/,85233
grand-prairie.json,grand-prairie,Black Tie Plumbing,+1 214-257-0974,Plumber,true,ChIJNU2mYAaHToYR0iyiWV22m4Y,https://blacktieplumbing.com/,75050
grand-prairie.json,grand-prairie,"Dial One Johnson Plumbing, Cooling & Heating",+1 972-662-8223,HVAC contractor,true,ChIJA_RwTwkNsIARfsTx_KVY9hE,https://dial1plumbing.com/,75050
grand-prairie.json,grand-prairie,Delta 1 Plumbing,+1 972-263-3002,Plumber,false,ChIJo88E2rKFToYRlaWwoMgGfso,http://delta1plumbing.com/,75050
grapevine.json,grapevine,billyGO Air Conditioning & Plumbing,+1 817-934-1619,Plumber,true,ChIJpbMZX2ArTIYRVnq-0gTtbl8,https://www.billygo.com/,76051
grapevine.json,grapevine,"Plumber True Services of Grapevine, TX",+1 469-757-3452,Plumber,true,ChIJz_-C7dIrTIYRN5JbZUd1u5k,https://plumbertrueservices.com/grapevine,76051
hialeah.json,hialeah,Grand Plumbing,+1 786-337-9090,Plumber,true,ChIJFT28TnC62YgRzGo5dFYs8W8,http://www.grandplumbing.net/,33010
hialeah.json,hialeah,Leza's Plumbing CORP,+1 305-712-5392,Plumber,false,ChIJ7XaIcGy62YgRWpyhFWSkG2w,http://www.lezaplumbing.com/,33010
hollywood.json,hollywood,Diamond Plumbing,+1 786-565-6067,Plumber,true,ChIJd5fRgG-32YgR26ZZ7WpSTV4,https://www.diamondplumbingmiami.com/,33024
hurst.json,hurst,All Complete Plumbing LLC,+1 817-285-2800,Plumber,false,ChIJX2U1Vch-ToYRsQES03NTv7c,http://www.allcompleteplumbing.com/,76053
hyde-park.json,hyde-park,McMahon Plumbing & Heating,+1 617-364-2200,Plumber,true,ChIJyYUXVet-44kR_q77ZSulghI,https://www.mcmahonplumbing.com/%3Futm_source%3Dgoogle%26utm_medium%3Dorganic%26utm_content%3Dmain_button%26utm_campaign%3Dgmb,2136
imperial-beach.json,imperial-beach,Just For You Plumbing and Heating,+1 619-374-0306,Plumber,false,ChIJ9yD3ClpN2YARyNByiEsrRNI,https://justforyouplumbers.com/imperial-beach-ca/,91932
irving.json,irving,AAA AUGER Plumbing Services,+1 972-222-2843,Plumber,true,ChIJpwBqtcecToYR5k93Lb__Kno,https://www.aaa-auger.com/,75061
irving.json,irving,Roto-Rooter Plumbing & Water Cleanup,+1 469-779-4964,Plumber,true,ChIJX-vt6NuDToYROqwH7-Ql-no,https://www.rotorooter.com/irvingtx/%3Futm_source%3DGoogle%26utm_medium%3Dorganic%26utm_campaign%3Dgmb%26utm_content%3Dwebsite,75061
irving.json,irving,RWD Services LLC,+1 940-872-3878,Plumber,false,ChIJTf832msrTIYRwFV7HfAuGfs,https://slableakdetectionirving.com/,75062
irving.json,irving,Just For You Plumbing and Heating,+1 972-928-0102,Plumber,false,ChIJNThPsYopTIYRcWWwfLTYJnA,https://justforyouplumbers.com/irving-tx/,75039
irving.json,irving,Premier Plumbing Solutions,+1 972-787-2269,Plumber,true,ChIJIQhRvTaDToYRrzIaeFi2Mis,https://premierplumbingdfw.com/%3Futm_source%3DGoogle%2B%26utm_medium%3DOrganic%26utm_campaign%3Dgbp,75060
irving.json,irving,"Plumber True Services of Irving, TX",+1 469-972-9525,Plumber,true,ChIJxf0yqqCDToYRwKiLuLOXuRk,https://plumbertrueservices.com/irving,75061
irving.json,irving,Home Town Plumbing,+1 972-790-8449,Plumber,false,ChIJ0zDWY-aDToYRbNPJib85T8I,https://www.hometownplumbingirving.com/contact-our-plumber.html,75060
irving.json,irving,Thomson Plumbing Service,+1 972-503-6340,Plumber,false,ChIJrYj4ADuBToYRbxcmBOibXcw,http://irvingplumbingtx.com/,75062
irving.json,irving,Ron's Irving Plumbing,+1 972-399-2022,Plumber,false,ChIJcdTwP5iDToYRUl2myJkfAsQ,https://www.ronsirvingservice.com/,75061
irving.json,irving,AJ's Plumbing,+1 972-870-1163,Plumber,true,ChIJJd1UeWuDToYRVL3andYfRWI,,75061
irving.json,irving,Big Brother Plumbing Services,+1 214-677-0410,Plumber,true,ChIJvYRBFJSDToYRVau7Wj4JM8s,https://bigbrotherplumbingtx.com/,75062
irving.json,irving,"Anytime Plumbing 365, Drain Cleaning & Repair",+1 214-307-4264,Plumber,true,ChIJXato3JiDToYRwM3vSDFGmfg,https://www.anytimeplumbing365.com/,75062
irving.json,irving,ARS / Rescue Rooter,+1 214-989-4872,Plumber,true,ChIJ9eFKokGcToYRh3EEwjJOxTo,https://www.ars.com/dallas%3Futm_source%3Dgoogle%26utm_medium%3Dgbp%26utm_campaign%3Dlocal_seo%26utm_content%3Dgbp_website_click,75063
irving.json,irving,Carey Plumbing Company,+1 817-435-0850,Plumber,true,ChIJK10ZCI5IxgsRFxvGwFIFpk0,http://www.careyplumbingcompany.us/,75061
irving.json,irving,S & T Plumbing,+1 972-259-5286,Plumber,false,ChIJ5zDMe3yDToYRiPdwPRU61bo,http://www.stplumbing.com/,75060
irving.json,irving,The Pipe Doctor,+1 972-656-9672,Plumber,false,ChIJASAb0ByDToYRo95hZFWk5V8,http://plumbingserviceirving.com/,75061
irving.json,irving,John Klassen LLC,+1 972-259-9600,Plumber,false,ChIJ86HX1WuDToYRWv09VfbUviU,,75060
irving.json,irving,irving waterheatering,+1 945-292-2308,Plumber,false,ChIJ86oxBEUTL4oRubcGniC7krk,https://irvingwaterheaters.com/,75062
irving.json,irving,Tempo Air,+1 972-579-2000,Air conditioning contractor,true,ChIJF4KOFMecToYRZF5m5T6gt-Y,https://tempoair.com/%3Futm_source%3Dgoogle%26utm_medium%3Dorganic%26utm_campaign%3Dgmb,75061
irving.json,irving,Pipe Dream Maintenance,+1 817-221-0543,Plumber,false,ChIJg4vCLgIpTIYRP79PkuSAzs0,http://plumbersirvingtx.com/,75063
irving.json,irving,Environmental Plumbing Solutions,+1 972-554-7675,Plumber,false,ChIJq_EB_9CcToYRSwmJ8otciKE,https://epsdfw.com/,75061
jamaica-plain.json,jamaica-plain,S.D. Plumbing & Heating,+1 781-901-7638,Plumber,true,ChIJ-_IQbbM5fYYRPceeP7EY7T0,http://sdplumbing-heating.com/,2130
kendall.json,kendall,Roto-Rooter Plumbing & Water Cleanup,+1 305-925-7933,Plumber,true,ChIJC47v8rzH2YgRyg_8pYin0ZE,https://www.rotorooter.com/kendallfl/%3Futm_source%3DGoogle%26utm_medium%3Dorganic%26utm_campaign%3Dgmb%26utm_content%3Dwebsite,33156
key-biscayne.json,key-biscayne,Call A Plumber,+1 305-361-6066,Plumber,false,ChIJ8fTKA23K2YgRdmAgHGh-qF8,,33149
lewisville.json,lewisville,All Metroplex Plumbing,+1 214-717-9911,Plumber,false,ChIJv4AdqoguTIYR5yxvp3u37WA,http://allmetroplexplumbing.com/,75067
lewisville.json,lewisville,"CW Service Pros Plumbing, Heating & Air Conditioning",+1 972-845-8220,Plumber,true,ChIJrYXTeOsvTIYRzcAecBPKTRM,https://www.cwservicepros.com/lewisville-plumbers/,75056
malden.json,malden,Barter Plumbing and Heating,+1 781-321-7586,Plumber,true,ChIJ7ZynAudx44kRndXpI1gcFRk,http://www.321plumbing.com/,2148
malden.json,malden,Shalin Plumbing & Heating,+1 781-558-4680,Plumber,false,ChIJfcnw_X9x44kRNbqK9JWJzJ0,https://www.shalinplumbing.com/,2148
malden.json,malden,Buckley Brothers Inc,+1 781-322-7509,Plumber,false,ChIJSz2nIMhz44kR3ptgXwmnqNo,https://www.buckleybrothers.net/,2148
mattapan.json,mattapan,Frankie Drain Services,+1 617-615-1792,Plumber,true,ChIJ11AGGj9_44kRLbcK4Zr_TSc,https://frankiedrainageservices.com/,2126
mckinney.json,mckinney,Las Colinas Plumbing,+1 214-856-4145,Plumber,true,ChIJyyrchNYVTIYRnGzAKIZnjoM,,75071
medford.json,medford,In A Flash Heating and Plumbing,+1 781-572-2575,Plumber,false,ChIJvYZm1n9x44kR9LW2FTW890c,https://www.flash-plumbing.com/,2155
melrose.json,melrose,Floros Plumbing & Heating - Melrose Massachusetts,+1 617-607-3396,Plumber,false,ChIJFbQKPpVz44kR8YDkX9sw3xg,https://florosplumbingandheating.com/,2176
mesa.json,mesa,Mesa Plumbing Co,+1 480-418-1225,Plumber,true,ChIJRYs8M-enK4cRZDxHnjLTLK8,https://www.mesaplumbingcompany.com/,85204
mesa.json,mesa,"Smith Plumbing, Heating and Cooling",+1 480-827-9111,Plumber,true,ChIJl5TLCgSpK4cRF3l4bjHNdmw,https://www.smithservicesaz.com/,85205
mesa.json,mesa,PlumbSmart Plumbing Heating and Air,+1 480-654-8865,Plumber,true,ChIJCfzUUPWnK4cR9R9dusGzENA,https://itsjustplumbsmart.com/,85213
mesa.json,mesa,OX Plumbing Services LLC,+1 623-294-7109,Plumber,true,ChIJuwTNrhEr0ygRBwsqR58BH-k,https://www.oxplumbing.com/,85209
mesa.json,mesa,Kendall Plumbing & Rooter,+1 480-969-1040,Plumber,true,ChIJZ_O1nsOnK4cRwn4yMSCXVAk,http://www.kendallplumbingandrooter.com/,85201
mesa.json,mesa,Rainforest Plumbing & Air,+1 480-359-4513,Plumber,true,ChIJNdA9eQ4EK4cRzhrdXWWNweU,https://rainforestplumbingandair.com/air-conditioning/ac-repair-in-phoenix-az/,85205
mesa.json,mesa,Compton Plumbing Services,+1 480-926-3931,Plumber,true,ChIJjUfthDakK4cRpILX1ofUR48,,85215
mesa.json,mesa,The Plumber,+1 480-923-5066,Plumber,true,ChIJr3fR9slTKocRGjCkuAxmsv8,https://theplumberaz.com/%3Futm_source%3Dgoogle%26utm_medium%3Dgmb%26utm_campaign%3Dlocal,85205
mesa.json,mesa,Superstition Plumbing,+1 480-833-3112,Plumber,true,ChIJxbOVdkivK4cRJHzqHk8AirQ,https://www.superstitionplumbing.com/,85210
mesa.json,mesa,Phend Plumbing and Rooter LLC,+1 480-388-6093,Plumber,true,ChIJiz7Qrb2nK4cRz0sg4_4an2o,https://phendplumbing.com/,85210
mesa.json,mesa,Drip Plumbing,+1 480-679-6292,Plumber,true,ChIJmeHgujDq6GER-CoNB3jVsw4,https://dripplumbingaz.com/%3Futm_campaign%3Dgmb%26utm_medium%3Dorganic%26utm_source%3Dgoogle%26utm_term%3Dmesa-website,85204
mesa.json,mesa,Affordable Plumber AZ LLC,+1 480-702-6165,Plumber,false,ChIJAWPAAa-nK4cRAoh-FA-wuIQ,,85210
mesa.json,mesa,"ON Services Mechanical, Electrical, Plumbing, & HVAC",+1 480-326-6959,Plumber,true,ChIJmxOeltGnK4cRj982k6EJin8,https://onservicesllc.com/%3Futm_source%3Dgoogle%26utm_medium%3Dorganic%26utm_campaign%3Dgbp-website,85210
mesa.json,mesa,NexLvl Services,+1 602-439-4771,Plumber,true,ChIJjz_ggikTK4cRqQMoptXIzb0,http://nexlvlservices.com/,85204
mesa.json,mesa,Red Mountain Plumbing Services LLC,+1 480-450-8583,Plumber,true,ChIJ6_3Z4hSpK4cRaj8qt3X8Oc4,https://www.redmountainplumbingservices.com/,85210
mesa.json,mesa,Action Plumbing Heating Air & Electric,+1 928-275-3725,Plumber,true,ChIJMZixHKGvK4cRC5_ZwUHGPOE,https://actionplumbing.net/location/mesa-az/%3Floc%3Daz_1,85206
mesa.json,mesa,Summit Plumbing Pros LLC,+1 480-470-8706,Plumber,false,ChIJow_HBOfNeawRcL5e1ebzxwY,http://www.summitplumbingpros.com/%3Futm_campaign%3Dgmb,85210
mesa.json,mesa,Mr. Sunshine Plumbing and Drain,+1 602-705-9918,Plumber,true,ChIJDzqBZDhd0AYR-n4AVhHnPlE,https://www.mrsunshineaz.com/,85210
mesa.json,mesa,Master Rooter,+1 602-661-7781,Plumber,true,ChIJY-r2EtalK4cRqNq0iwHAc5E,http://masterrooter.co/,85215
mesa.json,mesa,Honest Plumbing AZ LLC,+1 480-593-9995,Plumber,true,ChIJ-UlCoZUNlQURDlDgmik-u_Y,https://honestplumbingazllc.com/,85207
mesa.json,mesa,"Always Plumbing, LLC",+1 480-658-0066,Plumber,true,ChIJWQVUyv1PxyIRmGe6d6ogUNg,https://alwaysplumbingaz.com/,85213
mesa.json,mesa,Sweet Dreams Plumbing,+1 602-463-9751,Plumber,false,ChIJR1wNlAaxK4cRtYhEuT8kC28,https://sweetdreamsplumbing.com/,85207
mesa.json,mesa,Now Plumbing,+1 480-802-2775,Plumber,true,ChIJE_W5ThxsK4cROUb0oqh4nPc,https://nowplumbing.net/,85210
mesa.json,mesa,Mr. Rooter Plumbing of Phoenix Arizona,+1 602-748-4821,Plumber,true,ChIJG-mfJvqnK4cRpErxsgXoa9Q,https://www.mrrooter.com/phoenix/,85210
mesa.json,mesa,Rad Plumbing,+1 602-825-0745,Plumber,true,ChIJtbA9iIR05KIRZYO55axY2EQ,https://radplumbingaz.com/,85206
mesa.json,mesa,Plumb Vine,+1 480-608-0088,Plumber,false,ChIJKyJs0lEarmcRogv2bAw9BDQ,https://plumbingvine.com/,85201
mesa.json,mesa,Cactus Plumbing And Air,+1 623-280-0805,Plumber,false,ChIJsxK8HdOxK4cR49AsBCUaYNk,https://cactusplumbingandair.com/mesa-plumber-and-ac-repair/%3Futm_source%3Dgmb%26utm_medium%3Dwest_mesa,85207
mesa.json,mesa,S3 Plumbing,+1 480-332-3591,Plumber,true,ChIJ58ygS5pzC6cRuAS0g9kQllQ,https://s3plumbingaz.com/,85215
mesa.json,mesa,Prestige Plumbing Company,+1 480-215-0629,Plumber,true,ChIJA1g65wunK4cRq2w13JWq6VY,http://prestigeplumbingcompany.com/%3Futm_source%3Dgmb%26utm_medium%3Dreferral,85204
mesa.json,mesa,Los Plumbers Rooter and Plumbing,+1 480-637-2051,Plumber,true,ChIJl1MXpVSd-Y4Rs4LfgO1YeLM,https://www.losplumbersaz.com/,85204
mesa.json,mesa,"Iconic Plumbing Services, LLC",+1 480-442-5644,Plumber,true,ChIJH6BGovqnK4cRILr0MFMhP20,http://www.iconicplumbingservices.com/,85210
mesa.json,mesa,Desert Rain Plumbing,+1 480-675-7861,Plumber,false,ChIJVXvoZi14AUARR7simMTMNZM,https://www.desertrainplumbing.com/,85210
mesa.json,mesa,Fast Layne Plumbing & Drains,+1 480-504-0825,Plumber,true,ChIJObLGC1evK4cRh6Oi0jQ8DxY,https://flplumbingaz.com/,85209
mesa.json,mesa,Total Plumbing & Drain,+1 480-915-3968,Plumber,true,ChIJQZc3ocOb-isRv1vgzcZRk7M,https://thetotalplumbing.com/,85205
mesa.json,mesa,Mountain Vista Plumbing llc,+1 480-847-9769,Plumber,false,ChIJEXyjGxkImQwRNx_z_nyXj8o,https://www.mountainvistaplumbing.com/,85206
mesa.json,mesa,Delta Plumbing Repipe and Drains,+1 623-439-5060,Plumber,false,ChIJT4W4lU2uK4cRfzTveNUXwSo,https://www.deltaplumbingdrains.com/,85206
mesa.json,mesa,Roto-Rooter Plumbing & Water Cleanup,+1 480-428-6334,Plumber,true,ChIJU-jdGqoHK4cRhVI9nOnA-8Y,https://www.rotorooter.com/mesaaz/%3Futm_source%3DGoogle%26utm_medium%3Dorganic%26utm_campaign%3Dgmb%26utm_content%3Dwebsite,85209
mesa.json,mesa,Stanley Brothers Plumbing & HVAC,+1 520-590-4333,Plumber,true,ChIJtf8OG4axK4cRbtvHCdZXR3M,https://stanleyhomehvac.best/,85207
mesa.json,mesa,"Go Direct Plumbing, Sewer and Water",+1 303-288-0039,Plumber,true,ChIJe0oDr0UJK4cR3W6hy2w49_E,https://godirectplumbing.com/,85202
mesa.json,mesa,Gold Canyon Plumbing,+1 480-497-1110,Plumber,true,ChIJmSxf-ZaxK4cRqrolX8bgKWA,https://www.goldcanyonplumbing.com/,85207
mesa.json,mesa,Jimmy Joe's Plumbing,+1 480-757-1273,Plumber,false,ChIJFwoNioEHK4cRfjwmh1kJDvs,https://www.jimmyjoesplumbing.com/,85207
mesa.json,mesa,THE PLUMBING DR.,+1 480-735-9020,Plumber,false,ChIJ0zq5F4KxK4cRste7wuyOwvg,http://theplumbingdrllc.com/,85209
mesa.json,mesa,J & H Plumbing LLC,+1 480-892-6564,Plumber,true,ChIJ_w1PVjakK4cR-oa7ZAdDKQs,https://jandhplumbing.com/,85215
mesa.json,mesa,Rooty's Plumbing Services LLC,+1 480-285-8269,Plumber,false,ChIJdai0KGLVAW8RrL4KrkZ7b0k,,85203
mesa.json,mesa,Jet’n Drains Plumbing & Rooter,+1 480-405-0738,Plumber,false,ChIJwZeHuWelK4cR-0ZfqK5OKgA,https://jetndrainsmesa.com/%3Futm_campaign%3Dgmb,85205
mesa.json,mesa,Cactus Plumbing And Air,+1 480-750-7647,Plumber,true,ChIJyeE8X7unK4cRhXikESeowGE,https://cactusplumbingandair.com/mesa-plumber-and-ac-repair/%3Futm_source%3Dgmb%26utm_medium%3Dmesa,85201
mesa.json,mesa,Starrick Plumbing Inc.,+1 520-590-4900,Plumber,false,ChIJYUfz-XKoK4cRv2odIL10kww,,85210
mesa.json,mesa,"Plunge, a plumbing co. llc",+1 480-878-0808,Plumber,true,ChIJM_t8bEGnK4cRQPN1UACaRtA,https://hireplunge.com/,85210
mesa.json,mesa,All Star Plumbing,+1 480-981-7827,Plumber,false,ChIJFUDHZ3ivK4cR0ae6WwOGIz8,http://all-star-plumbing.com/,85212
mesa.json,mesa,Step Up Plumbing LLC,+1 480-703-3533,Plumber,false,ChIJMyHqAz4JK4cRXnbwpqEZHcg,http://stepupplumbing.com/,85215
mesa.json,mesa,Reidhead Plumbing & Air,+1 480-306-7442,Plumber,true,ChIJd7uC_bGnK4cRJsImLh0jM_c,http://reidheadplumbing.com/%3Futm_campaign%3Dgmb,85201
mesa.json,mesa,Patriotic Plumbing And Rooter,+1 480-530-8911,Plumber,true,ChIJVTApYSYJK4cRr2c80PLnrTE,https://patrioticplumbingandrooter.com/,85202
mesa.json,mesa,Done Right Plumbing Mesa,+1 480-685-9953,Plumber,false,ChIJHWtJdOF4DUoRjBLAto-lRro,,85201
mesa.json,mesa,Flo Pro Plumbing & Drain,+1 480-933-2422,Plumber,true,ChIJvwu4-jD-oagRZJI1M4GEU30,https://www.floproplumbingaz.com/mesa-plumbing-services/mesa/%3Futm_source%3Dgoogle%26utm_medium%3Dgbp%26utm_campaign%3DMesagbp,85204
mesa.json,mesa,Rainbow Plumbing LLC,+1 480-246-4002,Plumber,true,ChIJn8PPtyOpK4cRHuJHorIZVnA,,85204
mesa.json,mesa,Simply Better Plumbing and Drain,+1 480-993-2230,Plumber,false,ChIJbcILVoGnK4cRJkvMbrUwHro,https://www.simplybetterplumbinganddrain.com/,85210
mesa.json,mesa,"Water Heaters Only, Inc",+1 480-454-1304,Plumber,true,ChIJ40WWMpGpK4cRWj5IA2cbjD0,https://waterheatersonly.com/find-a-local-installer/phoenix-water-heater-repair/mesa-water-heater-services/,85204
mesa.json,mesa,Dugan Plumbing,+1 480-961-5003,Plumber,true,ChIJD1wLfvynK4cRHeS_LeW7ezQ,,85213
mesa.json,mesa,Vic Val Plumbing Services LLC,+1 480-347-8918,Plumber,false,ChIJtTThjHmnK4cRJMh4K4XYVvE,,85201
mesa.json,mesa,Manchester Plumbing Company,+1 480-590-6050,Plumber,false,ChIJxxID8T2mK4cRO1ZIgsBatG8,,85210
mesa.json,mesa,Pipeliners,+1 480-447-5345,Plumber,true,ChIJg4x6crKnK4cRBA2OTefRC1s,http://pipelinersusa.com/%3Futm_source%3Dgoogle%26utm_medium%3Dgmb%26utm_campaign%3DPipeliners-LocalSEO-GoogleBusinessProfileMarketing,85210
mesa.json,mesa,Ikmar Plumbing LLC,+1 480-674-6067,Plumber,false,ChIJu6yHCxepK4cRwglq7F68fKI,,85210
mesa.json,mesa,Camcor Plumbing & Water Treatment,+1 480-808-8033,Plumber,true,ChIJm0EyWUKpK4cRwAQ5eUVWwCA,https://camcorplumbing.com/%3Futm_source%3Dgoogle%2Bbusiness%2Bprofile%26utm_medium%3Dorganic%26utm_campaign%3Dwebsite%2Bclick,85204
mesa.json,mesa,Newtech Plumbing LLC,+1 480-326-3307,Plumber,false,ChIJy8lZr3GoK4cRZyXFaec8ZOw,https://www.newtechplumbingsolutions.com/,85210
mesa.json,mesa,MIke duncan plumbing LLC,+1 480-827-9305,Plumber,false,ChIJa1P_loWnK4cRWUHk5_QN4Kc,,85201
mesa.json,mesa,Around the Clock Plumbing,+1 480-962-9326,Plumber,false,ChIJha8BXRWmK4cR79xCgxOUh9c,,85213
mesa.json,mesa,Patriot AC & Plumbing,+1 480-388-3100,Plumber,false,ChIJ88xwf7GnK4cR1dxTGNlSZe8,http://www.patriotaz.com/,85203
mesa.json,mesa,Water Heater Warehouse,+1 480-663-2255,Plumber,true,ChIJmb3J2AOnK4cR6Qo54xCkv8k,https://waterheaterwarehouseaz.com/,85210
mesa.json,mesa,Arnett Plumbing,+1 480-461-9940,Plumber,false,ChIJIR0XfvWmK4cRiQ-D3nTri64,http://www.arnettplumbing.com/,85203
mesa.json,mesa,Dirt Dog Plumbing,+1 480-558-3190,Plumber,false,ChIJQ0lG1UKoK4cR47anZZj9eg8,http://dirtdogplumbingaz.com/,85204
mesa.json,mesa,Rowley Plumbing Inc,+1 480-834-5152,Plumber,false,ChIJL7W09KqnK4cR6W4-O8Jxm7g,https://rowleyplumbinginc.com/,85203
mesa.json,mesa,Elevate Plumbers,+1 480-641-8888,Plumber,false,ChIJwfoxCH6pK4cRVw5ddW_weOU,https://elevateplumbers.com/,85204
mesa.json,mesa,Valencia Plumbing,+1 602-446-7268,Plumber,true,ChIJvfYfQCSmK4cRx8L5EHaEUVs,,85203
mesquite.json,mesquite,"Baker Brothers Plumbing, Air & Electric",+1 214-324-8811,Plumber,true,ChIJq6qqaiSZToYRdtopStaW5Ts,https://bakerbrothersplumbing.com/%3Futm_campaign%3Dgmb_bk-msq_home_everyone_gmb-mesquite%26utm_medium%3Dgmb%26utm_source%3Dgoogle,75150
miami-beach.json,miami-beach,Empire Plumbing,+1 305-531-7017,Plumber,true,ChIJs62ElH202YgRV7qS5oTjiOw,http://www.empireplumbing.com/%3Futm_source%3Dgbp,33139
miami-beach.json,miami-beach,Miami Beach Super Plumber,+1 305-796-7752,Plumber,true,ChIJk3hv2y612YgRQ0NgeMEKLmY,http://www.superplumberinc.com/,33139
miami-beach.json,miami-beach,Sunny Bliss Plumbing & Air,+1 305-440-0621,Plumber,true,ChIJA6vG5FG12YgR2z_Bc72KBZU,https://sunnybliss.com/,33139
miami-beach.json,miami-beach,Roto-Rooter Plumbing & Water Cleanup,+1 305-702-1851,Plumber,true,ChIJi23mdYG12YgRw9Q-LXHuP4U,https://www.rotorooter.com/miamibeachfl/%3Futm_source%3DGoogle%26utm_medium%3Dorganic%26utm_campaign%3Dgmb%26utm_content%3Dwebsite,33139
miami-beach.json,miami-beach,AAAPLUMBINGSERVICES COM,+1 305-504-3504,Plumber,true,ChIJtbhYkYy12YgRiQVjhgcnqv0,http://www.aaaplumbingservices.com/,33139
miami-beach.json,miami-beach,Montam Construction and Plumbing,+1 305-423-8186,Plumber,false,ChIJ8YU7ZGXc-mwRAtjmnPe1y_Q,https://montamplumbing.com/,33139
miami-gardens.json,miami-gardens,Jehveh Plumbing Company,+1 305-714-0343,Plumber,false,ChIJxVwlovPD2YgRHivRHj7lTiE,http://www.jehvehplumbers.com/,33014
miami-springs.json,miami-springs,"Douglas Orr Plumbing, Inc.",+1 305-240-6731,Plumber,true,ChIJC9ljCiS62YgRmTDBYC7pVj0,https://orrplumbing.com/,33166
miami.json,miami,Miami 24/7 Plumbing - Miami Emergency Plumbers,+1 305-440-0878,Plumber,true,ChIJVaTjegK32YgR2K0jdOLn3Ao,https://www.miami247plumbing.com/,33145
miami.json,miami,MIAMI SERVICE PLUMBERS | Emergency Plumbers in Miami,+1 305-851-8853,Plumber,true,ChIJg-nPZfK72YgRRTeeghNKLSo,https://emergencyplumbersmiami.com/,33166
miami.json,miami,Miami 305 Plumbing,+1 305-833-3404,Plumber,true,ChIJi69ud_TB2YgREvHn8jBXIpU,https://miami305plumbing.com/,33165
miami.json,miami,Just 1 Plumbing,+1 786-677-8200,Plumber,true,ChIJQdk_mMC72YgRrq28sJED_1w,https://just1plumbing.com/,33166
miami.json,miami,Miami Dade Plumbing,+1 786-756-3185,Plumber,true,ChIJ9wbzgKFGnG4RUPl-2L7cess,https://miami-dade-plumbing.com/,33156
miami.json,miami,The Plumbers,+1 305-697-3490,Plumber,true,ChIJO_-knlK42YgRZbLbjiZr748,https://theplumbersfl.com/,33155
miami.json,miami,Ez Plumbing Repair Services,+1 786-239-6529,Plumber,true,ChIJ21rLUKG32YgRvE6t6j3H6F0,https://www.miamifloridaplumbing.com/,33128
miami.json,miami,Miami Shores Plumbing,+1 305-751-2446,Plumber,true,ChIJzaIF8yOu2YgRVQf0GPx-mUA,http://miamishoresplumbing.com/,33168
miami.json,miami,2 Bros Plumbing,+1 305-910-3817,Plumber,true,ChIJqfxeJY2x2YgRS9qjMXdRcLw,https://2brosplumbingservices.com/,33127
miami.json,miami,Oasis Plumbing,+1 305-900-8224,Plumber,false,ChIJUUoSr7JfE2gRe4BxWfaVN8U,https://www.calloasis.com/%3Futm_source%3DGoogle%2BMaps%26utm_medium%3DOrganic,33138
miami.json,miami,Laredo Plumbing Inc.,+1 786-344-0873,Plumber,false,ChIJ3fQSuua62YgRTfpLAR5N174,,33175
miami.json,miami,"USA Plumbing & Septic, Inc. - Plumber Miami",+1 305-856-1696,Plumber,false,ChIJnxQZWi632YgRV6g6er6pt0U,https://www.usaplumbingandseptic.com/,33142
miami.json,miami,AKO Plumbing Corp.,+1 305-269-8033,Plumber,false,ChIJN3nZTHq32YgRH6FOP0y4vRI,http://akoplumbing.com/,33125
miami.json,miami,A Rooter,+1 786-362-2178,Plumber,true,ChIJX6_ehqTA2YgR3njAXFte3wQ,http://www.arooter.net/,33176
miami.json,miami,South Beach Plumbing and HVAC Inc.,+1 305-775-5267,Plumber,true,ChIJA4bMHL232YgRFCyO-w3NMok,,33144
miami.json,miami,Trenchless Sewer Line Repairs,+1 305-603-8039,Plumber,true,ChIJlTXb7XjE2YgRke7ZFehZBPU,http://www.trenchless-repairs.com/,33155
miami.json,miami,Morata Plumbing,+1 786-238-7748,Plumber,true,ChIJSSor7L272YgR_NIK7BlKzCo,https://morataplumbingmiami.com/%3Futm_campaign%3Dgmb,33186
miami.json,miami,Acer Plumbing - North Miami,+1 954-243-6644,Plumber,false,ChIJAQAAAISu2YgRt6NYoVPWvYA,http://acer-plumbing.com/,33179
miami.json,miami,Plomeros Plumbing,+1 305-462-5155,Fontanero,true,ChIJ7TG7qwLB2YgRx1I1cIVEnAY,https://plomerosplumbing.com/,33173
miami.json,miami,N & Q Electric & Plumbing Miami,+1 305-602-5615,Electrician,false,ChIJAQCQHjC32YgRdJGRvlLqRwk,https://www.nandqelectricandplumbing.com/,33125
miami.json,miami,Dovis Plumbing,+1 954-504-6628,Plumber,false,ChIJu-OxbCms2YgRD8y03oqYRKU,https://www.dovisplumbing.com/,33179
miami.json,miami,Liriano Plumbing Inc.,+1 305-439-9023,Plumber,false,ChIJZ2CE5EfB2YgRs4vOi35speg,http://lirianoplumbing.com/,33175
miami.json,miami,Ocean Plumbing And Air,+1 786-964-4367,Plumber,true,ChIJi554psHB2YgRylXBqiKEIms,https://oceanplumbingandair.com/,33186
miami.json,miami,All Dade Plumbing Inc.,+1 305-273-8788,Plumber,true,ChIJdcnbOEfB2YgR203e-uhMX6o,,33186
miami.json,miami,Sewer Solutions /Pipe lining /Septic,+1 305-423-2395,Plumber,true,ChIJZx6DUpe32YgRUCJfKGAUPNw,http://www.sewersol.com/,33130
miami.json,miami,South End Plumbing Inc,+1 305-235-7177,Plumber,false,ChIJFZXEwOzG2YgRdM2jPZq2S7A,,33176
miami.json,miami,Benjamin Franklin Plumbing,+1 305-239-8232,Plumber,true,ChIJb_UhHxut2YgRw7jdfI6H7yY,https://miamibenjaminfranklin.com/%3Futm_source%3DGBP%26utm_medium%3Dorganic%26utm_campaign%3Dmiamigbp,33176
miami.json,miami,Coral Reef Plumbing,+1 305-361-6769,Plumber,true,ChIJb99AwKW52YgRULa27UTQTK4,https://coralreefplumbing.com/,33126
miami.json,miami,Shar-Scotty Plumbing,+1 786-678-8138,Plumber,true,ChIJI0FwHXy32YgRtiQOTlPsdnM,https://www.google.com/gasearch?q=sharscottyy%20plumbing%20miami%20photos,33142
miami.json,miami,RCR plumbing services inc,+1 305-336-1646,Plumber,false,ChIJMVLPfjHF2YgRy9ETZmJ9Lkk,http://www.rcrplumbingservices.com/,33176
miami.json,miami,Professional Trenchless Plumbing,+1 786-537-5215,Drainage service,false,ChIJkdW6P3nF2YgRprzSHIdRyFY,https://ptsewerrepair.com/,33157
miami.json,miami,Mokher Plumbing,+1 305-446-8266,Plumber,true,ChIJkxAVmojB2YgRQ7Fh_BvfGjc,http://mokherplumbing.com/,33186
miami.json,miami,"Emergency Plumbing Repair - Miami, FL",+1 954-756-6680,Plumber,true,ChIJVVUl-8622YgRM75eTSeeu0M,http://www.emergencyplumbingfl1.com/,33142
miami.json,miami,Mohr corp plumbing,+1 305-962-6978,Plumber,false,ChIJKzd0UCC52YgRfzQAOXqMqdw,http://mohrcorpplumbing.net/,33155
miami.json,miami,Dr pipe plumbing,+1 786-222-1568,Plumber,false,ChIJ_TsQulW52YgRMPbl1FyHrA0,https://drplumbermiami.com/,33126
miami.json,miami,Ocean Plumbing and Air,+1 786-544-6184,Plumber,true,ChIJp06NOju72YgRDcJBQLO5ZcM,https://oceanplumbingandair.com/miami-plumber-and-ac-repair/,33166
miami.json,miami,All Pristine Plumbing LLC,+1 786-838-1017,Plumber,true,ChIJw2qHexaaSkYR-RozLsqqnsA,http://allpristineplumbing.com/,33168
miami.json,miami,AM South Plumbing Inc,+1 305-978-0132,Plumber,true,ChIJY8MxkzzA2YgRA7IRY7Kf4r8,,33193
miami.json,miami,AYP. PLUMBING.,+1 786-683-4910,Plumber,true,ChIJ99e450-52YgRl_FqXbgj3Y0,https://www.facebook.com/Plumbing-Service-Repairs-1451437595094959/,33155
miami.json,miami,"Kabi Plumbing, Inc.",+1 786-342-7855,Plumber,false,ChIJSZMqmCe_2YgReCHtEG2BQS8,,33174
miami.json,miami,Gulf Plumbing Inc,+1 786-829-7631,Plumber,true,ChIJzce59nC42YgRiw_yPgOUAEQ,https://www.gulfplumbingmiami.com/,33155
miami.json,miami,"Borkat Plumbing Services, LLC",+1 305-244-6023,Plumber,true,ChIJL0qkjD-52YgRX99a8QtSaSQ,https://borkatplumbing.com/,33155
miami.json,miami,Residential & Commercial Plumbing Diagnostics of Miami,+1 786-250-4557,Plumber,true,ChIJcys_lAzB2YgRZRuKGy3mUnI,http://plumbing-diagnostics.com/,33186
miami.json,miami,F1 Plumbing Corp.,+1 305-497-6450,Plumber,true,ChIJW1_RobHB2YgRIlmED2TADJs,http://www.f1plumbing.com/,33176
miami.json,miami,Coral Gables Plumbing Co,+1 305-254-3434,Plumber,true,ChIJrfNAxJLG2YgRThmF0yAlvo4,https://www.coralgablesplumbing.com/,33176
miami.json,miami,TickTock Plumbing Services,+1 305-766-5526,Plumber,true,ChIJt4tQHcS72YgRjuemQO2f6FM,https://ticktockplumbing.net/,33166
miami.json,miami,Caballero Plumbing,+1 888-668-9868,Plumber,true,ChIJ50QXGSm62YgRjQACcLdHMqM,,33166
miami.json,miami,Precision Mechanical and Plumbing,+1 786-485-4994,Plumber,false,ChIJgxb8dnu42YgRoBoP0ztTLls,https://precisionmechanicaltech.com/,33155
miami.json,miami,Horne Plumbing,+1 305-666-8583,Plumber,false,ChIJBcoINsGxk0gRJRM3NxUI0Ig,https://horneplumbing.com/,33143
miami.json,miami,All Test Plumbing and Repairs,+1 786-964-7025,Plumber,true,ChIJBanOINNLk0ARQ4WgQhTaxyI,https://alltestpar.com/,33143
miami.json,miami,Bay Plumbing Co,+1 305-446-8141,Plumber,true,ChIJdVeJJnW32YgRqnaMZ7eEApA,https://www.bayplumbingco.com/,33133
miami.json,miami,Falcon Plumbing,+1 786-751-7578,Plumber,true,ChIJo5gfM3XB2YgRpnbtz-pdbRk,https://www.falconplumbing.net/,33186
miami.json,miami,Ludlam Plumbing,+1 305-600-5520,Plumber,false,ChIJBUpOcWW42YgRqQhNl06YDu4,http://www.ludlamplumbing.com/,33155
miami.json,miami,"V & V Plumbing, Inc",+1 786-281-9960,Plumber,false,ChIJG7S2HH2x2YgRQS23o65frRk,,33147
miami.json,miami,"Ark Plumbing, LLC",+1 754-283-3571,Plumber,false,ChIJH-Gnk_Ct2YgR9q-4mJnIK-w,http://arkplumb.com/,33179
miami.json,miami,Royal Flush Plumbing & Supply,+1 305-255-7755,Plumber,false,ChIJI0dkDw7D2YgRbOb_9TYwCkc,http://royalflushplumbingmiami.com/,33177
miami.json,miami,Royal Plumbing Corporation,+1 305-694-1964,Plumber,false,ChIJA2RKKI2w2YgRZ0FtKWoo6o8,,33147
miami.json,miami,AA Eagle Plumbing Corp,+1 786-587-4250,Plumber,true,ChIJuR4Z_Di52YgR1AadxNE94h0,,33126
miami.json,miami,"Ringemann Plumbing, Inc.",+1 305-635-4516,Plumber,false,ChIJm6voVxO32YgRn9_LdI2IJ5Y,https://www.ringemannplumbing.com/,33142
miami.json,miami,Beyond Plumbing Corp,+1 305-504-2001,Plumber,false,ChIJLYp-Hny42YgROcgKcCelytQ,https://beyondplumbingcorp.com/,33155
miami.json,miami,"Manny & Lou Plumbing Contractors,Inc.",+1 305-666-7511,Plumber,false,ChIJWf8OYXC42YgRFu-vfU8QzkY,https://mannyandlou.com/,33155
miami.json,miami,Backflow Bob,+1 305-447-1001,Plumber,false,ChIJd-N_j7e32YgRksRCzHFodg8,,33133
miami.json,miami,Right Way Plumbing Co,+1 954-423-0000,Plumber,false,ChIJaXTQ_IO52YgRxYw45AnsiHI,http://www.rightwayplumbing.com/,33122
miami.json,miami,Peter's Plumbing Inc,+1 305-216-5107,Plumber,false,ChIJex8LmG3B2YgR8F318HYexz4,https://www.peters-plumbing-inc.com/,33157
milton.json,milton,Power Plumbing,+1 617-698-1818,Plumber,false,ChIJ83NouiB844kRxvQo8ahgJs8,https://powerplumbingboston.com/,2186
miramar.json,miramar,John’s Plumbing,+1 954-994-1167,Plumber,true,ChIJhRtxdbSv2YgRR4dgRIdAW4Q,https://johnsplumbing.com/%3Futm_source%3Dgoogle-gbp%26utm_medium%3Dorganic%26utm_campaign%3D*639*johns-plumbing-miramar,33023
national-city.json,national-city,Premier Rooter & Plumbing,+1 619-271-1224,Plumber,true,ChIJXTIvL8dN2YARWve5A25VRTs,https://www.premierrooterplumbing.com/,91950
national-city.json,national-city,True Value Plumbing Inc.,+1 619-348-5409,Plumber,true,ChIJC6UnUSHMv08RnfKph8zsHEM,http://truevalueplumbingsandiego.com/,91950
national-city.json,national-city,Plumber & Toilet Unclogging Pros National City,+1 619-616-2961,Plumber,false,ChIJ-12WsDZT2YAREC_BxHSXV6E,,91950
national-city.json,national-city,"Ozzy's Plumbing & Drains Services, Inc.",+1 619-470-3431,Plumber,false,ChIJAzMwOplF2YARi-Ob-kwGhrg,http://www.ozzysplumbingsdinc.com/,91950
national-city.json,national-city,Jc Plumbing & Heating,+1 619-477-5001,Plumber,false,ChIJAQBwO0FS2YARz--GEOMCW2I,,91950
national-city.json,national-city,RG3 Plumbing,+1 619-777-0828,Plumber,false,ChIJAQDk3D5S2YARCxi00M_DJ5Y,https://rg3plumbing.com/,91950
national-city.json,national-city,WestPro Plumbing,+1 888-937-8776,Plumber,true,ChIJmyQOkS5T2YARzIoO2isxlFk,https://www.westproplumbing.com/,91950
newton.json,newton,AVIKSIS PLUMBING,+1 617-592-5939,Plumber,false,ChIJ4xQ20KWC44kRLjf_DweOnss,,2458
north-miami-beach.json,north-miami-beach,"Marlin Plumbing of Miami, Inc",+1 305-652-3031,Plumber,true,ChIJfQkdTwGt2YgRhZX5_sWn4aA,https://www.marlinplumbing.net/%3Futm_medium%3Dreferral%26utm_source%3Dgmb%26utm_campaign%3Dlnk-gmb,33179
north-miami.json,north-miami,Oasis Plumbing,+1 305-834-4321,Plumber,false,ChIJD-gDHXpbwokRscAgchnOoGw,https://calloasis.com/%3Futm_campaign%3Dgmb,33161
north-miami.json,north-miami,Mr. Rooter Plumbing of North Miami Beach,+1 786-634-2034,Plumber,true,ChIJ8QFC0dOt2YgRsAkgVeEHo4A,https://www.mrrooterplumber.com/miami-fl,33181
north-miami.json,north-miami,Top Plumbing,+1 754-777-3705,Plumber,true,ChIJFYh5nuiz2YgRDEOIQIDQkg0,https://topplumbing.voolt.com/,33181
north-miami.json,north-miami,Kings Plumbing,+1 305-685-5773,Plumber,false,ChIJGygQ7yGu2YgRp07pOR85dqo,,33168
north-miami.json,north-miami,Felix Fera Plumbing,+1 305-945-5325,Plumber,false,ChIJT483d5St2YgRSIfNzq3SM5I,https://felixferaplumbing.com/,33181
north-miami.json,north-miami,Epoca Corp (plumbing Contractor),+1 305-778-5103,Plumber,false,ChIJAQDQ-QOy2YgRWkpncvSB6Vs,,33161
north-richland-hills.json,north-richland-hills,Schrader Plumbing,+1 817-262-0989,Plumber,false,ChIJf6ba2pF_ToYRO0yhu_thTSY,https://www.schraderplumbing.com/,76180
phoenix-az.json,phoenix-az,Custom Plumbing of Arizona - Phoenix,+1 602-866-2665,Plumber,true,ChIJFRKRVhFCK4cRxn6Ult7LGrg,https://customplumbingaz.com/,85024
phoenix-az.json,phoenix-az,The Aussie Plumber,+1 602-820-5551,Plumber,true,ChIJOWvZu2NzK4cRatJo2msa75k,https://www.theaussieplumber.com/,85028
phoenix-az.json,phoenix-az,Plumber Priority One Of Phoenix,+1 480-378-3970,Plumber,true,ChIJO7oaOYcTK4cRXybc2mybjgE,https://plumbingpriorityone.com/plumberphoenix,85014
phoenix-az.json,phoenix-az,Somers Plumbers - Phoenix Plumbing Company,+1 480-568-2596,Plumber,false,ChIJyQ5W3Cw9CIUR59n39F6oLw8,https://www.somersplumbers.net/,85022
phoenix-az.json,phoenix-az,"Maloney Plumbing & Drain Services in Phoenix, AZ",+1 602-671-3617,Plumber,true,ChIJM9yAo3ZtK4cRskHCwa-8nLo,https://www.maloneyplumbing.com/%3Futm_source%3Dgmb%26utm_medium%3Dorganic,85020
phoenix-az.json,phoenix-az,Elite Rooter Plumbers,+1 602-698-8959,Plumber,true,ChIJq6qaBgMGK4cRvu9HosHEnAM,https://www.eliterooter.com/location/phoenix/%3Futm_source%3Dgoogle%26utm_medium%3Dorganic%26utm_campaign%3Dgmb,85004
phoenix-az.json,phoenix-az,Reliant Plumbing & Rooter,+1 602-888-7060,Plumber,true,ChIJzRE9g_MNK4cRvOELmVY45Ws,https://reliantplumbingandrooter.com/%3Futm_source%3DGBPlisting%26utm_medium%3Dorganic,85008
phoenix-az.json,phoenix-az,Pink Plumbing and Sewer,+1 602-562-5290,Plumber,true,ChIJvwc5R7xrK4cRLF3jYnD114Y,http://www.pinkplumbingandsewer.com/,85016
phoenix-az.json,phoenix-az,"Robins Plumbing, Inc",+1 623-486-4657,Plumber,true,ChIJQUMWZ2YNK4cRG1dUbh2MxpY,https://www.robinsplumbing.com/,85009
phoenix-az.json,phoenix-az,Anthony's Plumbing,+1 623-936-5400,Plumber,true,ChIJnXhcG7U_K4cR4pCZXJy6MYo,https://www.dayandnightair.com/anthonysplumbing/,85043
phoenix-az.json,phoenix-az,Rooter Hero Plumbing of Phoenix,+1 480-351-0043,Plumber,true,ChIJlfFZRucOK4cRz0BTmt-MEg4,https://www.rooterhero.com/,85040
phoenix-az.json,phoenix-az,2 Good Plumbers LLC,+1 602-565-6408,Plumber,false,ChIJsw_f7iESK4cRt8n9YRIeOIY,http://2goodplumbers.com/,85018
phoenix-az.json,phoenix-az,Phoenix Plumbers & Drain Clean Services,+1 520-482-1068,Plumber,true,ChIJVSvTrP0TK4cRuabH0bqQOls,,85006
phoenix-az.json,phoenix-az,"Any Hour Services - Electric, Plumbing, Heating & Air",+1 602-649-4219,Plumber,true,ChIJv4OkhtFvK4cRvn-d7m_PzLQ,https://anyhourservices.com/arizona/,85051
phoenix-az.json,phoenix-az,Asa Plumbing Phoenix,+1 480-796-4060,Plumber,false,ChIJK-s0MQiQ2aoR7-DuvEVZUcE,https://asaplumbingaz.com/,85014
phoenix-az.json,phoenix-az,All Aloha Plumbing Phoenix,+1 480-447-8153,Plumber,true,ChIJ2U0cmy4PK4cRiya7DeZA0s4,https://www.callallaloha.com/phoenix/,85281
phoenix-az.json,phoenix-az,Call-Us Plumbing,+1 480-396-6658,Plumber,false,ChIJEeWYPrCpK4cRvS9I0wi0AX0,http://call-usplumbing.com/,85027
phoenix-az.json,phoenix-az,Parker & Sons,+1 602-424-9619,Plumber,true,ChIJh9Zo0KoPK4cRzTwhKAxIE8s,https://www.parkerandsons.com/,85040
phoenix-az.json,phoenix-az,"D.W. Plumbing, Heating & Cooling Inc.",+1 623-979-6778,Plumber,true,ChIJAQAAAMxuK4cRtrwH8V176SY,http://www.dwplumbing.com/,85017
phoenix-az.json,phoenix-az,Westside Plumbing Inc.,+1 602-680-9414,Plumber,false,ChIJbQCgLMsPK4cR9O0EzlHdd-s,http://www.westside.plumbing/,85042
phoenix-az.json,phoenix-az,Wyman Plumbing & Mechanical LLC,+1 623-255-5178,Plumber,true,ChIJ46XaBgFiK4cR-oAu4_lQmEY,https://www.wyman-services.com/,85032
phoenix-az.json,phoenix-az,Ocean Plumbing LLC,+1 602-755-3860,Plumber,true,ChIJywtEz1Ecsg4Rfm6aA6_9qrY,https://oceanplumbingaz.com/,85021
phoenix-az.json,phoenix-az,Plomero en Phoenix,+1 623-294-1807,Plumber,false,ChIJVWcIGFBrK4cRIuWDWk9mmZs,https://www.miplomeroenphoenix.com/,85027
phoenix-az.json,phoenix-az,Peerless Plumbing & Nudrain Phoenix,+1 602-905-4628,Plumber,false,ChIJq6r-silVKocRcM2YzKp2YEk,https://peerlessplumbingrepipes.com/,85040
phoenix-az.json,phoenix-az,Emergency Plumbing Of Phoenix,+1 480-573-8261,Plumber,true,ChIJxxBy8TFtK4cRZhKhMDsQdjA,https://plumbingpriorityone.com/plumbingphoenix,85022
phoenix-az.json,phoenix-az,"Plumbers Near Me, Water Heater, and Plumbing Services of Phoenix",+1 602-887-0240,Plumber,false,ChIJMQW07vETK4cRzKSaDA5chy4,,85014
phoenix-az.json,phoenix-az,"Plomero Paisano, Plomeros en Phoenix",+1 602-472-2792,Plumber,false,ChIJW-jltG4PK4cRG5K-mNdg5uo,http://www.plomerosenphoenix.com/,85042
phoenix-az.json,phoenix-az,"AZs Best Pipe Doctor Plumbing, LLC",+1 623-869-6436,Plumber,false,ChIJY1pJpBENK4cR5jaVpTDjS1U,https://www.azpipedoctor.com/,85016
phoenix-az.json,phoenix-az,Champion Plumbing & Rooter,+1 602-269-6323,Plumber,true,ChIJCZrifn4TK4cRKr7SEHKPKrM,https://championplumbingandrooter.com/,85009
phoenix-az.json,phoenix-az,Cobra Plumbing LLC,+1 602-663-8432,Plumber,false,ChIJJ_s_v4QNK4cRKKj_qAhlM5o,http://cobraplumbingllc.com/,85014
queen-creek.json,queen-creek,Streamline Plumbing AZ,+1 480-238-5000,Plumber,false,ChIJdfecVcapK4cRn8lTtJQQm_U,http://www.streamlineplumbingnow.com/,85142
quincy.json,quincy,Boston Budget Plumbing Heating and Cooling,+1 617-296-8600,HVAC contractor,true,ChIJgygxTLt744kRPE4xISmhUAI,http://www.bostonbudgetplumbing.com/,2169
quincy.json,quincy,Johnson Bros. Plumbing & Drain Cleaning,+1 617-479-9911,Plumber,true,ChIJTc2fRf_wZU4Ry1Mv_MR3GUc,https://thejohnsonbros.com/,2170
quincy.json,quincy,"Trust 1 Services Plumbing, Heating, and Air Conditioning",+1 617-404-2096,Plumber,true,ChIJ9dTMu0pj44kR6EYmfvipnSE,https://www.trust1services.com/%3Futm_source%3Dgoogle%26utm_medium%3Dorganic%26utm_campaign%3Dgmb%26utm_id%3DGBP_Quincy,2171
quincy.json,quincy,Hegarty Plumbing,+1 617-479-9536,Plumber,false,ChIJVVWBbsV844kRO4wwSsmcGgw,https://gerryhegartyplumbing.com/,2169
revere.json,revere,Rich Mathews & Son Plumbing & Gas Heating,+1 781-284-5350,Heating contractor,false,ChIJq5WfN_Jx44kRTnSqwCCJ45E,http://www.mathewsplumbing.com/,2151
revere.json,revere,S. Ferro Plumbing & Heating,+1 781-983-1858,Plumber,true,ChIJESjh1WUR44kR5HSOyk7WlzE,http://www.sferroplumbingandheatinginc.com/,2151
revere.json,revere,JRS PLUMBING & HEATING LLC,+1 781-816-0710,Plumber,true,ChIJMzWzoasT44kRTlp-tfOgzjo,,2151
richardson.json,richardson,The Plumbing Pros,+1 972-846-0010,Plumber,false,ChIJEzu3Ik0fTIYR89uWFafMm04,https://theplumbingpros.com/,75081
richardson.json,richardson,Texas Plumbing Solutions LLC,+1 214-418-4964,Plumber,false,ChIJb_Q4dxofTIYRYPr_07KBKg8,https://friscotxplumbers.com/,75081
roslindale.json,roslindale,TBros - Trethewey Brothers Inc,+1 617-325-3283,Plumber,true,ChIJjY15Ncx-44kRoTeLbTl8u6g,http://www.tbros.com/,2131
san-diego-ca.json,san-diego-ca,Go Plumbing and More,+1 619-852-2507,Plumber,false,ChIJN9Dok85P2YARb9GsXlg-YGM,http://goplumbingandmore.com/,92154
san-diego-ca.json,san-diego-ca,Elite Rooter Plumbers,+1 619-626-1272,Plumber,true,ChIJE1wFeYxV2YAR5N3NvdyYvcE,https://www.eliterooter.com/location/san-diego/%3Futm_source%3Dgoogle%26utm_medium%3Dorganic%26utm_campaign%3Dgmb,92102
san-diego-ca.json,san-diego-ca,"JG Water Heaters, Filtration and Plumbing",+1 858-295-1005,Plumber,true,ChIJX8A42zpV2YARJNE92be54kU,https://jgwaterheaters.com/,92126
san-diego-ca.json,san-diego-ca,Arrow Plumbing and Drain Services Inc.,+1 858-207-4640,Plumber,true,ChIJh6-W3zWr3oAREHv_YYhDUmw,https://arrowplumbingservice.com/%3Futm_source%3Dgoogle%26utm_medium%3Dorganic%26utm_campaign%3Dgbp%26utm_content%3Dwebsite,92110
san-diego-ca.json,san-diego-ca,"Anderson Plumbing, Heating & Air",+1 619-320-1884,Plumber,true,ChIJ_e9_diVY2YARFdDC-cvxKJE,https://www.andersonplumbingheatingandair.com/service-areas/san-diego/%3Futm_source%3Dgoogle%26utm_medium%3Dorganic%26utm_campaign%3DGMBListing-San-Diego-California,92111
san-diego-ca.json,san-diego-ca,Pros Plumbing San Diego Services,+1 858-384-8078,Plumber,true,ChIJW6hB9oZNwokRvwE6VIAKybM,http://proplumbingsandiegoservices.com/,92101
san-diego-ca.json,san-diego-ca,American Plumbing Co | Plumber in San Diego,+1 619-723-1114,Plumber,false,ChIJ_3iUbmZT2YARntaBbzEIKpU,https://plumbersandiegoonline.com/,92102
san-diego-ca.json,san-diego-ca,Discount Plumbing San Diego,+1 619-329-8394,Plumber,true,ChIJFQchifZV2YAR9O9lX6He12Y,https://www.discountplumbingsandiego.com/%3Futm_campaign%3Dgmb,92108
san-diego-ca.json,san-diego-ca,Fraser Plumbing of San Diego,+1 619-332-0275,Plumber,true,ChIJrb02lrBT2YAR8LOqPb6h9J4,https://fraserplumbinginc.com/,92123
san-diego-ca.json,san-diego-ca,Express Plumbing & Water Heaters,+1 619-940-5407,Plumber,false,ChIJHajIgehU2YAR9V8j_yBIen0,http://expressplumbingwaterheaters.com/%3Futm_source%3DGoogle%26utm_medium%3Dlocal%26utm_campaign%3Dsearch,92103
san-diego-ca.json,san-diego-ca,Colepepper Plumbing,+1 619-505-0125,Plumber,true,ChIJPwWE4n1V2YARl2oMrtsXJ0I,https://www.colepepperplumbing.com/our-services/plumbing/%3Futm_source%3Dgoogle%26utm_medium%3Dlocal%26utm_campaign%3Dgbp_san_diego_state_st,92101
san-diego-ca.json,san-diego-ca,RDZ Plumbing and Drains,+1 619-760-2899,Plumber,true,ChIJfc6yWQlV2YARaLoPYEg3WAw,https://www.rdzplumbing.com/,92116
san-diego-ca.json,san-diego-ca,All Aloha Plumbing San Diego,+1 619-841-1683,Plumber,true,ChIJmVzUpFTrOq0Ra-bkF-3LXic,https://callallaloha.com/,92111
san-diego-ca.json,san-diego-ca,"Downtown San Diego Plumber, Drain Cleaning, Water Heater Services",+1 619-473-4088,Plumber,true,ChIJTxvVx6VT2YAR70T2EDA8d_I,https://sandiegoplumber.biz/,92101
san-diego-ca.json,san-diego-ca,"Exodus Plumbing, Inc",+1 858-354-8185,Plumber,false,ChIJyd1JqH8B3IARiACaTDD9Ja4,https://www.exodusplumbing.com/,92117
san-diego-ca.json,san-diego-ca,Frankie's Plumbing,+1 619-395-5254,Plumber,false,ChIJv4BiJEudeoIRaegZCjLXDks,https://www.frankiesplumbing.us/,92103
san-diego-ca.json,san-diego-ca,Team Rooter Plumbing of San Diego,+1 858-252-3434,Plumber,true,ChIJS_bHQ4H_24ARWPtyjatDl1s,https://www.teamrooter.com/san-diego-plumbing,92111
san-diego-ca.json,san-diego-ca,Mr. Rooter Plumbing of San Diego County,+1 858-278-7600,Plumber,true,ChIJQQUZEE3-24AR-MoaIT-aZBQ,https://www.mrrooter.com/san-diego-county/,92123
san-diego-ca.json,san-diego-ca,CITY PLUMBER,+1 619-742-2704,Plumber,true,ChIJ2d3S3rcB3IARGzGOgicREDE,http://www.sandiegocityplumber.com/,92109
san-diego-ca.json,san-diego-ca,PlumbTech,+1 800-388-8149,Plumber,true,ChIJr574Mzd-TgsRSCHsndsRwsc,https://plumbtechpros.com/,92116
san-diego-ca.json,san-diego-ca,"Bill Howe Plumbing, Heating & Air, Restoration & Flood Services",+1 619-317-1809,Plumber,true,ChIJ7SRNp9b_24ARud-UZvhgX9k,https://www.billhowe.com/%3Futm_source%3Dgoogle%26utm_medium%3Dorganic%26utm_campaign%3DGMB_SanDiego,92123
san-diego-ca.json,san-diego-ca,San Diego Emergency Plumbing Tite,+1 858-392-4028,Plumber,true,ChIJHZnAYgpV2YARhLthnmnwIuQ,https://plumbtco.com/,92105
san-diego-ca.json,san-diego-ca,Rooter Hero Plumbing & Air of San Diego,+1 619-577-4417,Plumber,true,ChIJE6Cyp63_24ARZVxlvbgM38c,https://rooterhero.com/plumber-san-diego-ca-plumbing-repair-service,92131
san-diego-ca.json,san-diego-ca,"Collins Pacific Plumbing, Inc.",+1 858-361-4140,Plumber,true,ChIJt2uSlAj524ARwfwNgbxvfW8,http://collinspacific.com/,92121
san-diego-ca.json,san-diego-ca,Core Plumbing,+1 858-295-7746,Plumber,true,ChIJ6RUPFcb524ARFbhgsKE4wbY,https://coreplumbingsd.com/%3Futm_campaign%3Dgmb,92111
san-diego-ca.json,san-diego-ca,Plumbing San Diego & Drain Cleaning Pros,+1 858-392-8986,Plumber,true,ChIJuXXuhcFV2YARarJbfb-uu8M,,92123
san-diego-ca.json,san-diego-ca,Plumbing Tree,+1 858-859-9555,Plumber,true,ChIJb2o48m9O2YARThQtVSDIgvQ,https://plumbingtreesd.com/%3Futm_source%3DGMBmain%26utm_medium%3Dorganic,92117
san-diego-ca.json,san-diego-ca,Prompt Plumbing San Diego,+1 619-325-6016,Plumber,false,ChIJsebLosqm7AkRedZ8K-ElV4I,https://promptplumbingsandiego.com/,92108
san-diego-ca.json,san-diego-ca,United Plumbing and Water Heaters,+1 916-880-6111,Plumber,false,ChIJR73GoG_N2mAR51XdDkxTatk,https://plumbing-united.com/sandiego/%3Futm_source%3Dgmb%26utm_medium%3Dsandiego,92105
san-diego-ca.json,san-diego-ca,Roto-Rooter Plumbing & Water Cleanup of San Diego,+1 619-837-2088,Plumber,true,ChIJtfTx6GBV2YAREQe5j96VU10,https://www.rotorooter.com/sandiego/%3Futm_source%3DGoogle%26utm_medium%3Dorganic%26utm_campaign%3Dgmb%26utm_content%3Dwebsite,92108
san-diego-ca.json,san-diego-ca,All Care Plumbing San Diego,+1 619-901-5515,Plumber,true,ChIJFf8dH6FR2YAR80L73rGzkLg,https://www.allcareplumbingsandiego.com/,92114
san-tan-valley.json,san-tan-valley,Fast Layne Plumbing LLC,+1 480-576-6307,Plumber,true,ChIJ5R48ghJJKocRySkOtTSlrMw,https://flplumbingaz.com/,85140
scottsdale.json,scottsdale,Benjamin Franklin The Punctual Plumber,+1 602-786-5183,Plumber,true,ChIJba1OlX51K4cRml4sbwLbbIQ,https://www.benfranklinplumbingaz.com/%3Futm_source%3Dorganic%26utm_medium%3Dgbp_listing,85260
scottsdale.json,scottsdale,Simba Plumbing LLC,+1 602-962-3537,Plumber,false,ChIJd0h6_TtdK4cRaFuOPwQAi9s,https://www.simbaplumbing.co/,85260
scottsdale.json,scottsdale,"Plumbers Near Me, LLC",+1 602-641-8882,Plumber,true,ChIJ7ddx00EpMwIR0_ZQenAbbs4,https://plumbersnearme.services/,85260
somerville.json,somerville,Jim's Plumbing & Heating,+1 617-484-8234,Plumber,false,ChIJNY9tlOt344kRfXBOxD2Xnz4,http://www.jimsplumbingheating.com/,2144
st-petersburg.json,st-petersburg,Flow Pros Plumbing,+1 727-265-9639,Plumber,true,ChIJHcGNemznwogR5sWnhLUTC5s,https://www.flowprosllc.com/%3Futm_source%3Dgoogle%26utm_medium%3Dorganic%26utm_campaign%3Dgmb,33713
stoughton.json,stoughton,Zeolla Plumbing and heating,+1 781-344-4247,Plumber,true,ChIJ428mlKmc5IkRCghPbEAlvWM,,2072
tamarac.json,tamarac,Coastal Plumbing & Mechanical Service,+1 954-732-7342,Plumber,true,ChIJucAnHjAC2YgRqgzNPJbeads,https://coastal-plumber.com/,33309
vista.json,vista,"Expert Plumbers, Inc.",+1 760-295-3756,Plumber,false,ChIJF1m_z_B23IAR3w0bRGmpCl0,http://www.expertplumber.net/,92081
wakefield.json,wakefield,"128 Plumbing, Heating, Cooling & Electric",+1 781-245-9200,HVAC contractor,true,ChIJ7eZYLkhz44kRt-yZsDTBd54,https://www.128plumbing.com/,1880
waltham.json,waltham,J.W. Langton Plumbing & Heating L.L.C,+1 781-266-6623,Plumber,false,ChIJ8w5eGd6c44kRSJULj4irTPY,http://jwlangton.com/,2452
watauga.json,watauga,ABC Plumbing,+1 817-427-3222,Plumber,true,ChIJB_E95hx4ToYR9RkxnbPO7To,https://www.abcplumbingtx.com/,76148
watertown.json,watertown,"Akian Plumbing, Heating, Cooling & Electric",+1 617-394-1921,HVAC contractor,true,ChIJhVYK8yB444kRPY9zDotsx-8,https://www.akianplumbing.com/%3Futm_source%3DGMB%26utm_medium%3Dorganic%26utm_campaign%3Dwatertown,2472
watertown.json,watertown,Winters Home Services,+1 617-221-4247,HVAC contractor,true,ChIJ2Y6OQaR344kRvQlAfBcOYTk,https://www.wintershomeservices.com/%3Futm_source%3Dgoogle%26utm_medium%3Dgbp%26utm_campaign%3Dwhs_wat_ma,2472
west-roxbury.json,west-roxbury,James McManus Plumbing and Heating,+1 617-325-8500,Plumber,false,ChIJCRjgPg9_44kRASiAFdHYb9Y,,2132
weymouth.json,weymouth,Boston Standard Company,+1 617-203-8603,Plumber,true,ChIJN5RCnqZ744kRJw6KJgWBfuQ,https://www.bostonstandardplumbing.com/%3Futm_source%3Dgoogle%26utm_medium%3Dorganic%26utm_campaign%3Dgmb,2189
winthrop.json,winthrop,Black Diamond Plumbing & Heating,+1 617-987-7442,Plumber,true,ChIJT4V2FtBv44kRT1yM0nV1VfE,,2152
woburn.json,woburn,James Thompson Plumbing & Heating,+1 781-391-4169,Plumber,false,ChIJtUDQMkZx44kRjQ_wSi0zMLs,http://thompsonph.com/,1801